,curr_con,curr_con_trend,curr_con_trand2,next_con,next_con_trend,next_con_trend2,curr_con_trend2
20100416,IF1005,,,IF1006,,,
20100419,IF1005,-1,,IF1006,-1,,
20100420,IF1005,,,IF1006,,,
20100421,IF1005,,,IF1006,,,
20100422,IF1005,,,IF1006,,,
20100423,IF1005,,,IF1006,,,
20100426,IF1005,,,IF1006,,,
20100427,IF1005,,,IF1006,,,
20100428,IF1005,,,IF1006,,,
20100429,IF1005,,,IF1006,,,
20100430,IF1005,,,IF1006,,,-1.0
20100504,IF1005,,,IF1006,,,-1.0
20100505,IF1005,,,IF1006,,,-1.0
20100506,IF1005,-1,,IF1006,-1,,-1.0
20100507,IF1005,,,IF1006,,,-1.0
20100510,IF1005,,,IF1006,,,-1.0
20100511,IF1005,-1,,IF1006,-1,,-1.0
20100512,IF1005,,,IF1006,,,-1.0
20100513,IF1005,,,IF1006,,,
20100514,IF1005,,,IF1006,,,
20100517,IF1005,-1,,IF1006,-1,,
20100518,IF1005,,,IF1006,1,,
20100519,IF1005,,,IF1006,,,
20100520,IF1005,,,IF1006,,,
20100521,IF1005,,,IF1006,1,,
20100524,IF1006,1,,IF1007,1,,
20100525,IF1006,,,IF1007,-1,,
20100526,IF1006,,,IF1007,,,
20100527,IF1006,1,,IF1007,1,,
20100528,IF1006,,,IF1007,,,
20100531,IF1006,,,IF1007,,,
20100601,IF1006,,,IF1007,,,
20100602,IF1006,,,IF1007,,,
20100603,IF1006,,,IF1007,,,
20100604,IF1006,,,IF1007,,,-1.0
20100607,IF1006,,,IF1007,,,-1.0
20100608,IF1006,,,IF1007,,,-1.0
20100609,IF1006,1,,IF1007,1,,
20100610,IF1006,,,IF1007,,,
20100611,IF1006,,,IF1007,,,
20100617,IF1006,,,IF1007,,,
20100618,IF1006,,,IF1007,,,
20100621,IF1007,,,IF1008,1,,
20100622,IF1007,,,IF1008,,,
20100623,IF1007,,,IF1008,,,
20100624,IF1007,,,IF1008,,,
20100625,IF1007,,,IF1008,,,
20100628,IF1007,,,IF1008,,,
20100629,IF1007,-1,,IF1008,-1,,-1.0
20100630,IF1007,,,IF1008,,,-1.0
20100701,IF1007,,,IF1008,,,-1.0
20100702,IF1007,,,IF1008,,,-1.0
20100705,IF1007,,,IF1008,,,-1.0
20100706,IF1007,,,IF1008,,,
20100707,IF1007,,,IF1008,,,
20100708,IF1007,,,IF1008,,,
20100709,IF1007,1,,IF1008,1,,
20100712,IF1007,,,IF1008,,,
20100713,IF1007,,,IF1008,,,
20100714,IF1007,,,IF1008,,,
20100715,IF1007,,,IF1008,,,
20100716,IF1007,,,IF1008,,,
20100719,IF1008,1,,IF1009,1,,
20100720,IF1008,,,IF1009,,,
20100721,IF1008,,,IF1009,,,
20100722,IF1008,,,IF1009,,,
20100723,IF1008,,,IF1009,,,
20100726,IF1008,,,IF1009,,,
20100727,IF1008,,,IF1009,,,
20100728,IF1008,1,,IF1009,1,,1.0
20100729,IF1008,,,IF1009,,,1.0
20100730,IF1008,,,IF1009,,,1.0
20100802,IF1008,,,IF1009,,,1.0
20100803,IF1008,,,IF1009,,,
20100804,IF1008,,,IF1009,,,
20100805,IF1008,,,IF1009,,,
20100806,IF1008,,,IF1009,,,
20100809,IF1008,,,IF1009,,,
20100810,IF1008,-1,,IF1009,-1,,
20100811,IF1008,,,IF1009,,,
20100812,IF1008,,,IF1009,,,
20100813,IF1008,,,IF1009,,,
20100816,IF1008,1,,IF1009,1,,
20100817,IF1008,,,IF1009,,,
20100818,IF1008,,,IF1009,,,
20100819,IF1008,,,IF1009,,,
20100820,IF1008,,,IF1009,,,
20100823,IF1009,,,IF1010,,,
20100824,IF1009,,,IF1010,,,
20100825,IF1009,,,IF1010,,,
20100826,IF1009,,,IF1010,,,
20100827,IF1009,,,IF1010,,,-1.0
20100830,IF1009,,,IF1010,,,
20100831,IF1009,,,IF1010,,,
20100901,IF1009,,,IF1010,,,
20100902,IF1009,,,IF1010,,,
20100903,IF1009,,,IF1010,,,
20100906,IF1009,,,IF1010,,,
20100907,IF1009,,,IF1010,,,
20100908,IF1009,,,IF1010,,,
20100909,IF1009,,,IF1010,,,
20100910,IF1009,,,IF1010,,,
20100913,IF1009,,,IF1010,,,
20100914,IF1009,,,IF1010,,,
20100915,IF1009,,,IF1010,,,
20100916,IF1009,,,IF1010,,,
20100917,IF1009,,,IF1010,,,
20100920,IF1010,,,IF1011,,,
20100921,IF1010,,,IF1011,,,
20100927,IF1010,,,IF1011,,,
20100928,IF1010,,,IF1011,,,
20100929,IF1010,,,IF1011,,,
20100930,IF1010,1,,IF1011,1,,
20101008,IF1010,1,,IF1011,1,,
20101011,IF1010,,,IF1011,,1,1.0
20101012,IF1010,,,IF1011,,1,1.0
20101013,IF1010,,,IF1011,,1,1.0
20101014,IF1010,,,IF1011,,1,1.0
20101015,IF1010,1,,IF1011,1,1,1.0
20101018,IF1011,,,IF1012,,,1.0
20101019,IF1011,,,IF1012,,,1.0
20101020,IF1011,,,IF1012,1,,1.0
20101021,IF1011,,,IF1012,,,1.0
20101022,IF1011,,,IF1012,,,1.0
20101025,IF1011,1,,IF1012,1,1,1.0
20101026,IF1011,,,IF1012,,1,1.0
20101027,IF1011,,,IF1012,,,
20101028,IF1011,,,IF1012,,,
20101029,IF1011,,,IF1012,,,
20101101,IF1011,1,,IF1012,1,,
20101102,IF1011,,,IF1012,,,
20101103,IF1011,,,IF1012,,,
20101104,IF1011,,,IF1012,,,
20101105,IF1011,,,IF1012,,,
20101108,IF1011,,,IF1012,,,
20101109,IF1011,,,IF1012,,,
20101110,IF1011,,,IF1012,,,
20101111,IF1011,,,IF1012,,,
20101112,IF1011,-1,,IF1012,-1,,
20101115,IF1011,,,IF1012,,,
20101116,IF1011,-1,,IF1012,-1,,
20101117,IF1011,,,IF1012,,,-1.0
20101118,IF1011,,,IF1012,,,-1.0
20101119,IF1011,,,IF1012,,,-1.0
20101122,IF1012,,,IF1101,,,
20101123,IF1012,,,IF1101,,,
20101124,IF1012,1,,IF1101,1,,
20101125,IF1012,,,IF1101,,,
20101126,IF1012,,,IF1101,,,
20101129,IF1012,,,IF1101,,,
20101130,IF1012,,,IF1101,,,
20101201,IF1012,,,IF1101,,,
20101202,IF1012,,,IF1101,,,
20101203,IF1012,,,IF1101,,,
20101206,IF1012,,,IF1101,,,
20101207,IF1012,,,IF1101,,,
20101208,IF1012,,,IF1101,,,
20101209,IF1012,,,IF1101,,,
20101210,IF1012,,,IF1101,,,
20101213,IF1012,,,IF1101,1,,
20101214,IF1012,,,IF1101,,,
20101215,IF1012,,,IF1101,,,
20101216,IF1012,,,IF1101,,,
20101217,IF1012,,,IF1101,,,
20101220,IF1101,-1,,IF1102,,,
20101221,IF1101,1,,IF1102,1,,
20101222,IF1101,,,IF1102,,,
20101223,IF1101,,,IF1102,,,
20101224,IF1101,,,IF1102,,,
20101227,IF1101,-1,,IF1102,,,
20101228,IF1101,,,IF1102,,,
20101229,IF1101,,,IF1102,,,-1.0
20101230,IF1101,,,IF1102,,,-1.0
20101231,IF1101,,,IF1102,,,
20110104,IF1101,,,IF1102,,,
20110105,IF1101,,,IF1102,,,
20110106,IF1101,,,IF1102,,,
20110107,IF1101,,,IF1102,,,
20110110,IF1101,,,IF1102,,,
20110111,IF1101,,,IF1102,,,
20110112,IF1101,,,IF1102,,,
20110113,IF1101,,,IF1102,,,
20110114,IF1101,,,IF1102,,,
20110117,IF1101,-1,,IF1102,-1,,
20110118,IF1101,,,IF1102,,,
20110119,IF1101,,,IF1102,,,
20110120,IF1101,-1,,IF1102,-1,,-1.0
20110121,IF1101,,,IF1102,,,-1.0
20110124,IF1102,,,IF1103,,,-1.0
20110125,IF1102,,,IF1103,,,-1.0
20110126,IF1102,,,IF1103,,,
20110127,IF1102,,,IF1103,,,
20110128,IF1102,,,IF1103,,,
20110131,IF1102,,,IF1103,,,
20110201,IF1102,,,IF1103,,,
20110209,IF1102,,,IF1103,,,
20110210,IF1102,,,IF1103,,,
20110211,IF1102,,,IF1103,,,
20110214,IF1102,1,,IF1103,1,,
20110215,IF1102,,,IF1103,,,
20110216,IF1102,,,IF1103,,,
20110217,IF1102,,,IF1103,,,1.0
20110218,IF1102,,,IF1103,,,
20110221,IF1103,,,IF1104,,,
20110222,IF1103,-1,,IF1104,-1,,
20110223,IF1103,,,IF1104,,,
20110224,IF1103,,,IF1104,,,
20110225,IF1103,,,IF1104,,,
20110228,IF1103,,,IF1104,,,
20110301,IF1103,,,IF1104,,,
20110302,IF1103,,,IF1104,,,
20110303,IF1103,,,IF1104,,,
20110304,IF1103,,,IF1104,,,
20110307,IF1103,,,IF1104,,,
20110308,IF1103,,,IF1104,,,
20110309,IF1103,,,IF1104,,,
20110310,IF1103,,,IF1104,,,
20110311,IF1103,,,IF1104,,,
20110314,IF1103,,,IF1104,,,
20110315,IF1103,,,IF1104,,,
20110316,IF1103,,,IF1104,,,
20110317,IF1103,,,IF1104,,,-1.0
20110318,IF1103,,,IF1104,,,-1.0
20110321,IF1104,,,IF1105,,,-1.0
20110322,IF1104,,,IF1105,,,-1.0
20110323,IF1104,,,IF1105,,,
20110324,IF1104,,,IF1105,,,
20110325,IF1104,,,IF1105,,,
20110328,IF1104,,,IF1105,,,
20110329,IF1104,,,IF1105,,,
20110330,IF1104,,,IF1105,,,
20110331,IF1104,,,IF1105,,,
20110401,IF1104,,,IF1105,,,
20110406,IF1104,,,IF1105,,,
20110407,IF1104,,,IF1105,,,
20110408,IF1104,,,IF1105,,,
20110411,IF1104,,,IF1105,,,
20110412,IF1104,,,IF1105,,,
20110413,IF1104,,,IF1105,,,
20110414,IF1104,,,IF1105,,,
20110415,IF1104,,,IF1105,,,
20110418,IF1105,,,IF1106,,,
20110419,IF1105,,,IF1106,,,
20110420,IF1105,,,IF1106,,,
20110421,IF1105,,,IF1106,,,
20110422,IF1105,,,IF1106,,,
20110425,IF1105,,,IF1106,,,-1.0
20110426,IF1105,,,IF1106,,,-1.0
20110427,IF1105,,,IF1106,,,-1.0
20110428,IF1105,,,IF1106,,,-1.0
20110429,IF1105,,,IF1106,,,-1.0
20110503,IF1105,,,IF1106,,,-1.0
20110504,IF1105,,,IF1106,-1,,-1.0
20110505,IF1105,,,IF1106,,,-1.0
20110506,IF1105,,,IF1106,,,-1.0
20110509,IF1105,,,IF1106,,,-1.0
20110510,IF1105,,,IF1106,,,
20110511,IF1105,,,IF1106,,,
20110512,IF1105,,,IF1106,,,
20110513,IF1105,,,IF1106,,,
20110516,IF1105,,,IF1106,,,
20110517,IF1105,,,IF1106,,,
20110518,IF1105,,,IF1106,,,
20110519,IF1105,,,IF1106,,,
20110520,IF1105,,,IF1106,,,
20110523,IF1106,-1,,IF1107,-1,,
20110524,IF1106,,,IF1107,,,
20110525,IF1106,,,IF1107,,,
20110526,IF1106,,,IF1107,,,-1.0
20110527,IF1106,,,IF1107,,,-1.0
20110530,IF1106,,,IF1107,,,-1.0
20110531,IF1106,,,IF1107,,,
20110601,IF1106,,,IF1107,,,
20110602,IF1106,,,IF1107,,,
20110603,IF1106,,,IF1107,,,
20110607,IF1106,,,IF1107,,,
20110608,IF1106,,,IF1107,,,
20110609,IF1106,,,IF1107,,,
20110610,IF1106,,,IF1107,,,
20110613,IF1106,,,IF1107,,,
20110614,IF1106,,,IF1107,,,
20110615,IF1106,,,IF1107,,,
20110616,IF1106,,,IF1107,,,
20110617,IF1106,,,IF1107,,,
20110620,IF1107,,,IF1108,,,
20110621,IF1107,,,IF1108,,,
20110622,IF1107,,,IF1108,,,-1.0
20110623,IF1107,,,IF1108,,,
20110624,IF1107,1,,IF1108,1,,
20110627,IF1107,,,IF1108,,,
20110628,IF1107,,,IF1108,,1,
20110629,IF1107,,,IF1108,,,
20110630,IF1107,,,IF1108,,,
20110701,IF1107,,,IF1108,,,
20110704,IF1107,,,IF1108,,1,
20110705,IF1107,,,IF1108,,1,
20110706,IF1107,,,IF1108,,,
20110707,IF1107,,,IF1108,,,
20110708,IF1107,,,IF1108,,,
20110711,IF1107,,,IF1108,,,
20110712,IF1107,,,IF1108,,,
20110713,IF1107,,,IF1108,,,
20110714,IF1107,,,IF1108,,,
20110715,IF1107,,,IF1108,,,
20110718,IF1108,,,IF1109,,,
20110719,IF1108,,,IF1109,,,
20110720,IF1108,,,IF1109,,,
20110721,IF1108,,,IF1109,,,
20110722,IF1108,,,IF1109,,,
20110725,IF1108,-1,,IF1109,-1,,
20110726,IF1108,,,IF1109,,,-1.0
20110727,IF1108,,,IF1109,,,-1.0
20110728,IF1108,,,IF1109,,,-1.0
20110729,IF1108,,,IF1109,,,-1.0
20110801,IF1108,,,IF1109,,,
20110802,IF1108,,,IF1109,,,
20110803,IF1108,,,IF1109,,,
20110804,IF1108,,,IF1109,,,
20110805,IF1108,,,IF1109,,,
20110808,IF1108,-1,,IF1109,-1,,
20110809,IF1108,1,,IF1109,1,,-1.0
20110810,IF1108,,,IF1109,,,-1.0
20110811,IF1108,1,,IF1109,1,,
20110812,IF1108,,,IF1109,,,
20110815,IF1108,,,IF1109,,,
20110816,IF1108,,,IF1109,,,
20110817,IF1108,,,IF1109,,,
20110818,IF1108,,,IF1109,,,
20110819,IF1108,,,IF1109,,,
20110822,IF1109,,,IF1110,,,
20110823,IF1109,,,IF1110,,,
20110824,IF1109,,,IF1110,,,
20110825,IF1109,1,,IF1110,1,,
20110826,IF1109,,,IF1110,,,
20110829,IF1109,,,IF1110,,,
20110830,IF1109,,,IF1110,,,
20110831,IF1109,,,IF1110,,,
20110901,IF1109,,,IF1110,,,
20110902,IF1109,,,IF1110,,,
20110905,IF1109,,,IF1110,,,-1.0
20110906,IF1109,,,IF1110,,,-1.0
20110907,IF1109,,,IF1110,,,-1.0
20110908,IF1109,,,IF1110,,,-1.0
20110909,IF1109,,,IF1110,,,-1.0
20110913,IF1109,,,IF1110,,,-1.0
20110914,IF1109,,,IF1110,,,-1.0
20110915,IF1109,,,IF1110,,,-1.0
20110916,IF1109,,,IF1110,,,-1.0
20110919,IF1110,,,IF1111,,,-1.0
20110920,IF1110,,,IF1111,,,-1.0
20110921,IF1110,,,IF1111,,,
20110922,IF1110,,,IF1111,,,
20110923,IF1110,,,IF1111,,,
20110926,IF1110,,,IF1111,,,
20110927,IF1110,,,IF1111,,,
20110928,IF1110,,,IF1111,,,
20110929,IF1110,,,IF1111,,,-1.0
20110930,IF1110,,,IF1111,,,-1.0
20111010,IF1110,,,IF1111,,,-1.0
20111011,IF1110,-1,,IF1111,-1,,-1.0
20111012,IF1110,1,,IF1111,1,,
20111013,IF1110,,,IF1111,,,
20111014,IF1110,,,IF1111,,,
20111017,IF1110,,,IF1111,,,
20111018,IF1110,,,IF1111,,,
20111019,IF1110,,,IF1111,,,
20111020,IF1110,,,IF1111,,,
20111021,IF1110,,,IF1111,,,
20111024,IF1111,,,IF1112,,,
20111025,IF1111,,,IF1112,,,
20111026,IF1111,,,IF1112,,,
20111027,IF1111,,,IF1112,,,
20111028,IF1111,,,IF1112,,,
20111031,IF1111,,,IF1112,,,
20111101,IF1111,,,IF1112,,,
20111102,IF1111,1,,IF1112,1,1,1.0
20111103,IF1111,,,IF1112,,,
20111104,IF1111,,,IF1112,,1,1.0
20111107,IF1111,,,IF1112,,,
20111108,IF1111,,,IF1112,,,
20111109,IF1111,,,IF1112,,,
20111110,IF1111,,,IF1112,,,
20111111,IF1111,,,IF1112,,,
20111114,IF1111,,,IF1112,,,
20111115,IF1111,,,IF1112,,,
20111116,IF1111,-1,,IF1112,-1,,
20111117,IF1111,,,IF1112,,,
20111118,IF1111,,,IF1112,,,
20111121,IF1112,,,IF1201,,,
20111122,IF1112,,,IF1201,,,
20111123,IF1112,,,IF1201,,,-1.0
20111124,IF1112,,,IF1201,,,-1.0
20111125,IF1112,,,IF1201,,,-1.0
20111128,IF1112,,,IF1201,,,-1.0
20111129,IF1112,,,IF1201,,,
20111130,IF1112,-1,,IF1201,-1,,
20111201,IF1112,,,IF1201,,,
20111202,IF1112,,,IF1201,,,
20111205,IF1112,,,IF1201,,,
20111206,IF1112,,,IF1201,,,
20111207,IF1112,,,IF1201,,,
20111208,IF1112,,,IF1201,,,
20111209,IF1112,,,IF1201,,,-1.0
20111212,IF1112,,,IF1201,,,-1.0
20111213,IF1112,,,IF1201,,,-1.0
20111214,IF1112,,,IF1201,,,-1.0
20111215,IF1112,-1,,IF1201,,,-1.0
20111216,IF1112,,,IF1201,,,-1.0
20111219,IF1201,,,IF1202,,,
20111220,IF1201,,,IF1202,,,
20111221,IF1201,,,IF1202,,,
20111222,IF1201,,,IF1202,,,
20111223,IF1201,,,IF1202,,,
20111226,IF1201,,,IF1202,,,
20111227,IF1201,,,IF1202,,,-1.0
20111228,IF1201,,,IF1202,,,-1.0
20111229,IF1201,,,IF1202,,,-1.0
20111230,IF1201,,,IF1202,,,
20120104,IF1201,-1,,IF1202,-1,,
20120105,IF1201,,,IF1202,,,
20120106,IF1201,,,IF1202,,,
20120109,IF1201,1,,IF1202,1,,
20120110,IF1201,1,,IF1202,1,,
20120111,IF1201,,,IF1202,,,
20120112,IF1201,,,IF1202,,,
20120113,IF1201,,,IF1202,,,
20120116,IF1201,,,IF1202,,,
20120117,IF1201,1,,IF1202,1,,
20120118,IF1201,,,IF1202,-1,,
20120119,IF1201,,,IF1202,,,
20120120,IF1201,,,IF1202,,,
20120130,IF1202,,,IF1203,,,
20120131,IF1202,,,IF1203,,,
20120201,IF1202,,,IF1203,,,
20120202,IF1202,,,IF1203,,,
20120203,IF1202,,,IF1203,,,
20120206,IF1202,,,IF1203,,,
20120207,IF1202,,,IF1203,,,
20120208,IF1202,1,,IF1203,1,,
20120209,IF1202,,,IF1203,,,
20120210,IF1202,,,IF1203,,,
20120213,IF1202,,,IF1203,,,
20120214,IF1202,,,IF1203,,,
20120215,IF1202,,,IF1203,,,
20120216,IF1202,,,IF1203,,,
20120217,IF1202,,,IF1203,,,
20120220,IF1203,,,IF1204,,,
20120221,IF1203,,,IF1204,,,
20120222,IF1203,,,IF1204,,,1.0
20120223,IF1203,,,IF1204,,,1.0
20120224,IF1203,,,IF1204,,,1.0
20120227,IF1203,,,IF1204,,,1.0
20120228,IF1203,,,IF1204,,1,1.0
20120229,IF1203,,,IF1204,,,
20120301,IF1203,,,IF1204,,,
20120302,IF1203,,,IF1204,,,
20120305,IF1203,,,IF1204,,,
20120306,IF1203,,,IF1204,,,
20120307,IF1203,,,IF1204,,,
20120308,IF1203,,,IF1204,,,
20120309,IF1203,,,IF1204,,,
20120312,IF1203,,,IF1204,,,
20120313,IF1203,,,IF1204,,,
20120314,IF1203,-1,,IF1204,-1,,
20120315,IF1203,,,IF1204,,,
20120316,IF1203,,,IF1204,,,
20120319,IF1204,,,IF1205,,,
20120320,IF1204,,,IF1205,,,
20120321,IF1204,,,IF1205,,,-1.0
20120322,IF1204,,,IF1205,,,-1.0
20120323,IF1204,,,IF1205,,,-1.0
20120326,IF1204,,,IF1205,,,-1.0
20120327,IF1204,,,IF1205,,,-1.0
20120328,IF1204,-1,,IF1205,-1,,-1.0
20120329,IF1204,,,IF1205,,,-1.0
20120330,IF1204,,,IF1205,,,-1.0
20120405,IF1204,1,,IF1205,,,
20120406,IF1204,,,IF1205,,,
20120409,IF1204,,,IF1205,,,
20120410,IF1204,,,IF1205,,,
20120411,IF1204,,,IF1205,,,
20120412,IF1204,,,IF1205,,1,1.0
20120413,IF1204,,,IF1205,,1,1.0
20120416,IF1204,,,IF1205,,,
20120417,IF1204,,,IF1205,,,
20120418,IF1204,,,IF1205,,,
20120419,IF1204,,,IF1205,,,
20120420,IF1204,,,IF1205,,,
20120423,IF1205,,,IF1206,,,
20120424,IF1205,,,IF1206,,,
20120425,IF1205,,,IF1206,,,
20120426,IF1205,,,IF1206,,,
20120427,IF1205,,,IF1206,,,
20120502,IF1205,,,IF1206,,,
20120503,IF1205,,,IF1206,,,
20120504,IF1205,,,IF1206,,1,1.0
20120507,IF1205,,,IF1206,,,
20120508,IF1205,,,IF1206,,,
20120509,IF1205,,,IF1206,,,
20120510,IF1205,,,IF1206,,,
20120511,IF1205,,,IF1206,,,
20120514,IF1205,,,IF1206,,,
20120515,IF1205,,,IF1206,,,-1.0
20120516,IF1205,,,IF1206,,,-1.0
20120517,IF1205,,,IF1206,,,
20120518,IF1205,,,IF1206,,,
20120521,IF1206,,,IF1207,,,
20120522,IF1206,,,IF1207,,,
20120523,IF1206,,,IF1207,,,
20120524,IF1206,,,IF1207,,,
20120525,IF1206,,,IF1207,,,
20120528,IF1206,,,IF1207,,,
20120529,IF1206,,,IF1207,,,
20120530,IF1206,,,IF1207,,,
20120531,IF1206,,,IF1207,,,
20120601,IF1206,,,IF1207,,,
20120604,IF1206,,,IF1207,,,
20120605,IF1206,,,IF1207,,,
20120606,IF1206,,,IF1207,,,
20120607,IF1206,,,IF1207,,,
20120608,IF1206,,,IF1207,,,
20120611,IF1206,,,IF1207,,,
20120612,IF1206,,,IF1207,,,
20120613,IF1206,,,IF1207,,,
20120614,IF1206,,,IF1207,,,
20120615,IF1206,,,IF1207,,,
20120618,IF1207,,,IF1208,,,
20120619,IF1207,,,IF1208,,,
20120620,IF1207,,,IF1208,,,
20120621,IF1207,,,IF1208,,,
20120625,IF1207,,,IF1208,,,
20120626,IF1207,,,IF1208,,,
20120627,IF1207,,,IF1208,,,-1.0
20120628,IF1207,,,IF1208,,,-1.0
20120629,IF1207,,,IF1208,,,
20120702,IF1207,,,IF1208,,,
20120703,IF1207,,,IF1208,,,
20120704,IF1207,,,IF1208,,,
20120705,IF1207,,,IF1208,,,
20120706,IF1207,,,IF1208,,,
20120709,IF1207,,,IF1208,,,
20120710,IF1207,,,IF1208,,,
20120711,IF1207,,,IF1208,,,
20120712,IF1207,,,IF1208,,,
20120713,IF1207,,,IF1208,,,
20120716,IF1207,,,IF1208,,,
20120717,IF1207,,,IF1208,,,
20120718,IF1207,,,IF1208,,,
20120719,IF1207,,,IF1208,,,
20120720,IF1207,,,IF1208,,,
20120723,IF1208,,,IF1209,,,-1.0
20120724,IF1208,,,IF1209,,,-1.0
20120725,IF1208,,,IF1209,,,-1.0
20120726,IF1208,,,IF1209,,,-1.0
20120727,IF1208,,,IF1209,,,-1.0
20120730,IF1208,,,IF1209,,,-1.0
20120731,IF1208,,,IF1209,,,-1.0
20120801,IF1208,,,IF1209,,,
20120802,IF1208,,,IF1209,,,
20120803,IF1208,,,IF1209,,,
20120806,IF1208,,,IF1209,,,
20120807,IF1208,,,IF1209,,,
20120808,IF1208,,,IF1209,,,
20120809,IF1208,,,IF1209,,,
20120810,IF1208,,,IF1209,,,
20120813,IF1208,,,IF1209,,,
20120814,IF1208,,,IF1209,,,
20120815,IF1208,,,IF1209,,,
20120816,IF1208,,,IF1209,,,
20120817,IF1208,,,IF1209,,,
20120820,IF1209,,,IF1210,,,-1.0
20120821,IF1209,,,IF1210,,,-1.0
20120822,IF1209,,,IF1210,,,-1.0
20120823,IF1209,,,IF1210,,,
20120824,IF1209,,,IF1210,,,
20120827,IF1209,,,IF1210,,,
20120828,IF1209,,,IF1210,,,
20120829,IF1209,,,IF1210,,,
20120830,IF1209,,,IF1210,,,
20120831,IF1209,,,IF1210,,,-1.0
20120903,IF1209,,,IF1210,,,
20120904,IF1209,,,IF1210,,,
20120905,IF1209,,,IF1210,,,
20120906,IF1209,,,IF1210,,,
20120907,IF1209,1,,IF1210,1,,
20120910,IF1209,,,IF1210,,,
20120911,IF1209,,,IF1210,,,
20120912,IF1209,,,IF1210,,,
20120913,IF1209,,,IF1210,,,
20120914,IF1209,,,IF1210,,,
20120917,IF1209,,,IF1210,-1,,
20120918,IF1209,,,IF1210,,,
20120919,IF1209,,,IF1210,,,
20120920,IF1209,,,IF1210,,,
20120921,IF1209,,,IF1210,,,
20120924,IF1210,,,IF1211,,,-1.0
20120925,IF1210,,,IF1211,,,-1.0
20120926,IF1210,,,IF1211,,,-1.0
20120927,IF1210,1,,IF1211,1,,
20120928,IF1210,1,,IF1211,1,,
20121008,IF1210,,,IF1211,,,
20121009,IF1210,,,IF1211,,,
20121010,IF1210,,,IF1211,,,
20121011,IF1210,,,IF1211,,,
20121012,IF1210,,,IF1211,,,
20121015,IF1210,,,IF1211,,,
20121016,IF1210,,,IF1211,,,
20121017,IF1210,,,IF1211,,,
20121018,IF1210,,,IF1211,,,
20121019,IF1210,,,IF1211,,,
20121022,IF1211,,,IF1212,,,
20121023,IF1211,,,IF1212,,,
20121024,IF1211,,,IF1212,,,
20121025,IF1211,,,IF1212,,,
20121026,IF1211,,,IF1212,,,
20121029,IF1211,,,IF1212,,,
20121030,IF1211,,,IF1212,,,-1.0
20121031,IF1211,,,IF1212,,,-1.0
20121101,IF1211,,,IF1212,,,
20121102,IF1211,,,IF1212,,,
20121105,IF1211,,,IF1212,,,
20121106,IF1211,,,IF1212,,,
20121107,IF1211,,,IF1212,,,
20121108,IF1211,,,IF1212,,,
20121109,IF1211,,,IF1212,,,
20121112,IF1211,,,IF1212,,,
20121113,IF1211,,,IF1212,,,-1.0
20121114,IF1211,,,IF1212,,,-1.0
20121115,IF1211,,,IF1212,,,-1.0
20121116,IF1211,,,IF1212,,,-1.0
20121119,IF1212,,,IF1301,,,-1.0
20121120,IF1212,,,IF1301,,,-1.0
20121121,IF1212,,,IF1301,,,
20121122,IF1212,,,IF1301,,,
20121123,IF1212,,,IF1301,,,
20121126,IF1212,,,IF1301,,,
20121127,IF1212,,,IF1301,,,
20121128,IF1212,,,IF1301,,,
20121129,IF1212,,,IF1301,,,
20121130,IF1212,,,IF1301,,,
20121203,IF1212,,,IF1301,,,-1.0
20121204,IF1212,,,IF1301,,,-1.0
20121205,IF1212,1,,IF1301,1,,
20121206,IF1212,,,IF1301,,,
20121207,IF1212,,,IF1301,,,
20121210,IF1212,,,IF1301,,,
20121211,IF1212,,,IF1301,,,
20121212,IF1212,,,IF1301,,,
20121213,IF1212,,,IF1301,,,
20121214,IF1212,1,,IF1301,1,,
20121217,IF1212,,,IF1301,,,
20121218,IF1212,,,IF1301,,,
20121219,IF1212,,,IF1301,,,
20121220,IF1212,,,IF1301,,,
20121221,IF1212,,,IF1301,,,
20121224,IF1301,,,IF1302,,,
20121225,IF1301,1,,IF1302,1,,
20121226,IF1301,,,IF1302,,,
20121227,IF1301,,,IF1302,,,
20121228,IF1301,,,IF1302,,,
20121231,IF1301,,,IF1302,,,
20130104,IF1301,,,IF1302,,1,1.0
20130107,IF1301,,,IF1302,,,
20130108,IF1301,,,IF1302,,,
20130109,IF1301,,,IF1302,,,
20130110,IF1301,,,IF1302,,,
20130111,IF1301,,,IF1302,,,
20130114,IF1301,1,,IF1302,1,,
20130115,IF1301,,,IF1302,,,
20130116,IF1301,,,IF1302,,,
20130117,IF1301,,,IF1302,,,
20130118,IF1301,,,IF1302,,,
20130121,IF1302,,,IF1303,,,
20130122,IF1302,,,IF1303,,,
20130123,IF1302,,,IF1303,,,
20130124,IF1302,,,IF1303,,,
20130125,IF1302,,,IF1303,,,
20130128,IF1302,,,IF1303,,,
20130129,IF1302,,,IF1303,,,
20130130,IF1302,,,IF1303,,,
20130131,IF1302,,,IF1303,,,
20130201,IF1302,,,IF1303,,,
20130204,IF1302,,,IF1303,,1,1.0
20130205,IF1302,,,IF1303,,1,1.0
20130206,IF1302,,,IF1303,,1,1.0
20130207,IF1302,,,IF1303,,,
20130208,IF1302,,,IF1303,,,
20130218,IF1302,,,IF1303,,,
20130219,IF1303,,,IF1304,,,
20130220,IF1303,,,IF1304,,,
20130221,IF1303,-1,,IF1304,-1,,
20130222,IF1303,,,IF1304,,,-1.0
20130225,IF1303,,,IF1304,,,-1.0
20130226,IF1303,,,IF1304,,,-1.0
20130227,IF1303,,,IF1304,,,-1.0
20130228,IF1303,1,,IF1304,1,,
20130301,IF1303,,,IF1304,,,
20130304,IF1303,-1,,IF1304,-1,,
20130305,IF1303,,,IF1304,1,,
20130306,IF1303,,,IF1304,,,
20130307,IF1303,,,IF1304,,,
20130308,IF1303,,,IF1304,,,
20130311,IF1303,,,IF1304,,,
20130312,IF1303,,,IF1304,,,
20130313,IF1303,,,IF1304,,,
20130314,IF1303,,,IF1304,,,
20130315,IF1303,,,IF1304,,,
20130318,IF1304,,,IF1305,,,-1.0
20130319,IF1304,,,IF1305,,,
20130320,IF1304,1,,IF1305,1,,
20130321,IF1304,,,IF1305,,,
20130322,IF1304,,,IF1305,,,
20130325,IF1304,,,IF1305,,,
20130326,IF1304,,,IF1305,,,
20130327,IF1304,,,IF1305,,,
20130328,IF1304,,,IF1305,,,
20130329,IF1304,,,IF1305,,,
20130401,IF1304,,,IF1305,,,
20130402,IF1304,,,IF1305,,,-1.0
20130403,IF1304,,,IF1305,,,-1.0
20130408,IF1304,,,IF1305,,,-1.0
20130409,IF1304,,,IF1305,,,-1.0
20130410,IF1304,,,IF1305,,,-1.0
20130411,IF1304,,,IF1305,,,-1.0
20130412,IF1304,,,IF1305,,,-1.0
20130415,IF1304,,,IF1305,,,-1.0
20130416,IF1304,,,IF1305,,,-1.0
20130417,IF1304,,,IF1305,,,-1.0
20130418,IF1304,,,IF1305,,,
20130419,IF1304,1,,IF1305,1,,
20130422,IF1305,,,IF1306,,,
20130423,IF1305,-1,,IF1306,-1,,
20130424,IF1305,,,IF1306,,,
20130425,IF1305,,,IF1306,,,
20130426,IF1305,,,IF1306,,,
20130502,IF1305,,,IF1306,,,
20130503,IF1305,,,IF1306,,,
20130506,IF1305,,,IF1306,,,
20130507,IF1305,,,IF1306,,,
20130508,IF1305,,,IF1306,,,
20130509,IF1305,,,IF1306,,,
20130510,IF1305,,,IF1306,,,
20130513,IF1305,,,IF1306,,,
20130514,IF1305,,,IF1306,,,
20130515,IF1305,,,IF1306,,,
20130516,IF1305,,,IF1306,,,
20130517,IF1305,,,IF1306,,,
20130520,IF1306,,,IF1307,,,
20130521,IF1306,,,IF1307,,,
20130522,IF1306,,,IF1307,,,
20130523,IF1306,,,IF1307,,,
20130524,IF1306,,,IF1307,,,
20130527,IF1306,,,IF1307,,,
20130528,IF1306,,,IF1307,,,
20130529,IF1306,,,IF1307,,,
20130530,IF1306,,,IF1307,,,
20130531,IF1306,,,IF1307,,,
20130603,IF1306,,,IF1307,,,
20130604,IF1306,,,IF1307,,,
20130605,IF1306,,,IF1307,,,
20130606,IF1306,,,IF1307,,,
20130607,IF1306,,,IF1307,,,-1.0
20130613,IF1306,-1,,IF1307,-1,,-1.0
20130614,IF1306,,,IF1307,,,-1.0
20130617,IF1306,,,IF1307,,,-1.0
20130618,IF1306,,,IF1307,,,-1.0
20130619,IF1306,,,IF1307,,,-1.0
20130620,IF1306,,,IF1307,,,-1.0
20130621,IF1306,,,IF1307,,,-1.0
20130624,IF1307,-1,,IF1308,-1,,-1.0
20130625,IF1307,,,IF1308,,,-1.0
20130626,IF1307,,,IF1308,,,-1.0
20130627,IF1307,,,IF1308,,,-1.0
20130628,IF1307,,,IF1308,,,
20130701,IF1307,,,IF1308,,,
20130702,IF1307,,,IF1308,,,
20130703,IF1307,,,IF1308,,,
20130704,IF1307,,,IF1308,,,
20130705,IF1307,,,IF1308,,,
20130708,IF1307,,,IF1308,,,
20130709,IF1307,,,IF1308,,,
20130710,IF1307,1,,IF1308,1,,
20130711,IF1307,1,,IF1308,1,,
20130712,IF1307,,,IF1308,,,
20130715,IF1307,,,IF1308,,,
20130716,IF1307,,,IF1308,,,
20130717,IF1307,,,IF1308,,,
20130718,IF1307,,,IF1308,,,
20130719,IF1307,,,IF1308,-1,,
20130722,IF1308,,,IF1309,,,
20130723,IF1308,1,,IF1309,1,,
20130724,IF1308,,,IF1309,,,
20130725,IF1308,,,IF1309,,,
20130726,IF1308,,,IF1309,,,
20130729,IF1308,,,IF1309,,,
20130730,IF1308,,,IF1309,,,
20130731,IF1308,,,IF1309,,,
20130801,IF1308,1,,IF1309,1,,
20130802,IF1308,,,IF1309,,,
20130805,IF1308,,,IF1309,,,
20130806,IF1308,,,IF1309,,,
20130807,IF1308,,,IF1309,,,
20130808,IF1308,,,IF1309,,,
20130809,IF1308,,,IF1309,,,
20130812,IF1308,,,IF1309,,1,1.0
20130813,IF1308,,,IF1309,,1,1.0
20130814,IF1308,,,IF1309,,1,1.0
20130815,IF1308,,,IF1309,,,
20130816,IF1308,,,IF1309,,,
20130819,IF1309,,,IF1310,,,
20130820,IF1309,,,IF1310,,,
20130821,IF1309,,,IF1310,,,
20130822,IF1309,,,IF1310,,,
20130823,IF1309,,,IF1310,-1,,
20130826,IF1309,,,IF1310,,,
20130827,IF1309,,,IF1310,,,
20130828,IF1309,,,IF1310,,,
20130829,IF1309,,,IF1310,,,
20130830,IF1309,,,IF1310,,,
20130902,IF1309,,,IF1310,,,
20130903,IF1309,,,IF1310,,,
20130904,IF1309,,,IF1310,,,
20130905,IF1309,,,IF1310,,,
20130906,IF1309,,,IF1310,,,
20130909,IF1309,1,,IF1310,1,1,1.0
20130910,IF1309,,,IF1310,,1,1.0
20130911,IF1309,,,IF1310,,1,1.0
20130912,IF1309,,,IF1310,,1,1.0
20130913,IF1309,,,IF1310,,,
20130916,IF1309,,,IF1310,,,
20130917,IF1309,,,IF1310,,,
20130918,IF1309,,,IF1310,,,
20130923,IF1309,,,IF1310,,,
20130924,IF1310,,,IF1311,,,
20130925,IF1310,,,IF1311,,,
20130926,IF1310,,,IF1311,,,
20130927,IF1310,,,IF1311,,,
20130930,IF1310,,,IF1311,,,
20131008,IF1310,,,IF1311,,,
20131009,IF1310,,,IF1311,,,
20131010,IF1310,,,IF1311,,,
20131011,IF1310,,,IF1311,,,
20131014,IF1310,,,IF1311,,,
20131015,IF1310,,,IF1311,,,
20131016,IF1310,,,IF1311,,,
20131017,IF1310,,,IF1311,,,
20131018,IF1310,,,IF1311,,,
20131021,IF1311,,,IF1312,,,
20131022,IF1311,,,IF1312,,,
20131023,IF1311,,,IF1312,,,
20131024,IF1311,,,IF1312,,,
20131025,IF1311,,,IF1312,,,
20131028,IF1311,,,IF1312,,,
20131029,IF1311,,,IF1312,,,
20131030,IF1311,,,IF1312,,,
20131031,IF1311,,,IF1312,,,
20131101,IF1311,,,IF1312,,,
20131104,IF1311,,,IF1312,,,
20131105,IF1311,,,IF1312,,,
20131106,IF1311,,,IF1312,,,
20131107,IF1311,,,IF1312,,,
20131108,IF1311,,,IF1312,,,
20131111,IF1311,,,IF1312,,,
20131112,IF1311,,,IF1312,,,-1.0
20131113,IF1311,,,IF1312,,,-1.0
20131114,IF1311,,,IF1312,,,-1.0
20131115,IF1311,1,,IF1312,,,
20131118,IF1312,,,IF1401,,,
20131119,IF1312,,,IF1401,,,
20131120,IF1312,,,IF1401,,,
20131121,IF1312,,,IF1401,,,
20131122,IF1312,,,IF1401,,,
20131125,IF1312,,,IF1401,,,
20131126,IF1312,,,IF1401,,,
20131127,IF1312,,,IF1401,,,
20131128,IF1312,,,IF1401,,,
20131129,IF1312,,,IF1401,,,
20131202,IF1312,,,IF1401,,,
20131203,IF1312,,,IF1401,,,
20131204,IF1312,,,IF1401,,1,1.0
20131205,IF1312,,,IF1401,,,
20131206,IF1312,,,IF1401,,,
20131209,IF1312,,,IF1401,,,
20131210,IF1312,,,IF1401,,,
20131211,IF1312,,,IF1401,,,
20131212,IF1312,,,IF1401,,,
20131213,IF1312,,,IF1401,,,
20131216,IF1312,,,IF1401,,,-1.0
20131217,IF1312,,,IF1401,,,-1.0
20131218,IF1312,,,IF1401,,,-1.0
20131219,IF1312,,,IF1401,,,-1.0
20131220,IF1312,,,IF1401,,,-1.0
20131223,IF1401,,,IF1402,,,-1.0
20131224,IF1401,,,IF1402,,,-1.0
20131225,IF1401,,,IF1402,,,
20131226,IF1401,,,IF1402,,,
20131227,IF1401,,,IF1402,,,
20131230,IF1401,,,IF1402,,,
20131231,IF1401,,,IF1402,,,
20140102,IF1401,,,IF1402,,,
20140103,IF1401,,,IF1402,,,
20140106,IF1401,,,IF1402,,,
20140107,IF1401,,,IF1402,,,
20140108,IF1401,,,IF1402,,,
20140109,IF1401,,,IF1402,,,
20140110,IF1401,,,IF1402,,,-1.0
20140113,IF1401,,,IF1402,,,-1.0
20140114,IF1401,,,IF1402,,,-1.0
20140115,IF1401,,,IF1402,,,-1.0
20140116,IF1401,,,IF1402,,,-1.0
20140117,IF1401,,,IF1402,,,-1.0
20140120,IF1402,,,IF1403,,,
20140121,IF1402,,,IF1403,,,
20140122,IF1402,,,IF1403,,,
20140123,IF1402,,,IF1403,,,
20140124,IF1402,,,IF1403,,,
20140127,IF1402,,,IF1403,,,
20140128,IF1402,,,IF1403,,,
20140129,IF1402,,,IF1403,,,
20140130,IF1402,,,IF1403,,,
20140207,IF1402,,,IF1403,,,
20140210,IF1402,,,IF1403,,,
20140211,IF1402,,,IF1403,,,
20140212,IF1402,,,IF1403,,,
20140213,IF1402,,,IF1403,,,
20140214,IF1402,,,IF1403,,,
20140217,IF1402,,,IF1403,,1,
20140218,IF1402,,,IF1403,,,
20140219,IF1402,,,IF1403,,,
20140220,IF1402,,,IF1403,,,
20140221,IF1402,,,IF1403,,,
20140224,IF1403,,,IF1404,,,
20140225,IF1403,-1,,IF1404,-1,,
20140226,IF1403,,,IF1404,,,
20140227,IF1403,,,IF1404,,,-1.0
20140228,IF1403,,,IF1404,,,
20140303,IF1403,,,IF1404,,,
20140304,IF1403,,,IF1404,,,
20140305,IF1403,,,IF1404,,,
20140306,IF1403,,,IF1404,,,
20140307,IF1403,,,IF1404,,,
20140310,IF1403,-1,,IF1404,-1,,
20140311,IF1403,,,IF1404,,,
20140312,IF1403,,,IF1404,,,
20140313,IF1403,,,IF1404,,,
20140314,IF1403,,,IF1404,,,
20140317,IF1403,,,IF1404,,,
20140318,IF1403,,,IF1404,,,
20140319,IF1403,,,IF1404,,,
20140320,IF1403,,,IF1404,,,
20140321,IF1403,1,,IF1404,1,,
20140324,IF1404,,,IF1405,,,
20140325,IF1404,,,IF1405,,,
20140326,IF1404,,,IF1405,,,
20140327,IF1404,,,IF1405,,,
20140328,IF1404,,,IF1405,,,
20140331,IF1404,,,IF1405,,,
20140401,IF1404,,,IF1405,,,
20140402,IF1404,,,IF1405,,,
20140403,IF1404,,,IF1405,,,
20140404,IF1404,,,IF1405,,,
20140408,IF1404,1,,IF1405,1,1,
20140409,IF1404,,,IF1405,,1,1.0
20140410,IF1404,,,IF1405,,1,1.0
20140411,IF1404,,,IF1405,,1,1.0
20140414,IF1404,,,IF1405,,,
20140415,IF1404,,,IF1405,,,
20140416,IF1404,,,IF1405,,,
20140417,IF1404,,,IF1405,,,
20140418,IF1404,,,IF1405,,,
20140421,IF1405,,,IF1406,,,
20140422,IF1405,,,IF1406,,,-1.0
20140423,IF1405,,,IF1406,,,-1.0
20140424,IF1405,,,IF1406,,,-1.0
20140425,IF1405,,,IF1406,,,-1.0
20140428,IF1405,,,IF1406,,,-1.0
20140429,IF1405,,,IF1406,,,-1.0
20140430,IF1405,,,IF1406,,,-1.0
20140505,IF1405,,,IF1406,,,
20140506,IF1405,,,IF1406,,,
20140507,IF1405,,,IF1406,,,
20140508,IF1405,,,IF1406,,,
20140509,IF1405,,,IF1406,,,
20140512,IF1405,,,IF1406,,,
20140513,IF1405,,,IF1406,,,
20140514,IF1405,,,IF1406,,,
20140515,IF1405,,,IF1406,,,
20140516,IF1405,,,IF1406,,,
20140519,IF1406,,,IF1407,,,
20140520,IF1406,,,IF1407,,,
20140521,IF1406,,,IF1407,,,
20140522,IF1406,,,IF1407,,,
20140523,IF1406,,,IF1407,,,
20140526,IF1406,,,IF1407,,,
20140527,IF1406,,,IF1407,,,
20140528,IF1406,,,IF1407,,1,1.0
20140529,IF1406,,,IF1407,,,
20140530,IF1406,,,IF1407,,,
20140603,IF1406,,,IF1407,,,
20140604,IF1406,,,IF1407,,,
20140605,IF1406,,,IF1407,,,
20140606,IF1406,,,IF1407,,,
20140609,IF1406,,,IF1407,,,
20140610,IF1406,,,IF1407,,,
20140611,IF1406,,,IF1407,,,
20140612,IF1406,,,IF1407,,,
20140613,IF1406,,,IF1407,,,
20140616,IF1406,,,IF1407,,,
20140617,IF1406,,,IF1407,,,
20140618,IF1406,,,IF1407,,,
20140619,IF1406,,,IF1407,,,
20140620,IF1406,,,IF1407,,,
20140623,IF1407,,,IF1408,,,
20140624,IF1407,,,IF1408,,,
20140625,IF1407,,,IF1408,,,-1.0
20140626,IF1407,,,IF1408,,,
20140627,IF1407,,,IF1408,,,
20140630,IF1407,,,IF1408,,,
20140701,IF1407,,,IF1408,,,
20140702,IF1407,,,IF1408,,,
20140703,IF1407,,,IF1408,,,
20140704,IF1407,,,IF1408,,,
20140707,IF1407,,,IF1408,,,
20140708,IF1407,,,IF1408,,,
20140709,IF1407,,,IF1408,,,
20140710,IF1407,,,IF1408,,,
20140711,IF1407,,,IF1408,,,
20140714,IF1407,,,IF1408,,,
20140715,IF1407,,,IF1408,,,
20140716,IF1407,,,IF1408,,,
20140717,IF1407,,,IF1408,,,
20140718,IF1407,,,IF1408,,,
20140721,IF1408,,,IF1409,,,
20140722,IF1408,,,IF1409,,,
20140723,IF1408,,,IF1409,,,
20140724,IF1408,,,IF1409,,,
20140725,IF1408,,,IF1409,,,
20140728,IF1408,1,,IF1409,1,,
20140729,IF1408,,,IF1409,,1,1.0
20140730,IF1408,,,IF1409,,1,1.0
20140731,IF1408,,,IF1409,,1,1.0
20140801,IF1408,,,IF1409,,,
20140804,IF1408,,,IF1409,,,
20140805,IF1408,,,IF1409,,,
20140806,IF1408,,,IF1409,,,
20140807,IF1408,,,IF1409,,,
20140808,IF1408,,,IF1409,,,
20140811,IF1408,,,IF1409,,,
20140812,IF1408,,,IF1409,,,
20140813,IF1408,,,IF1409,,,
20140814,IF1408,,,IF1409,,,
20140815,IF1408,,,IF1409,,,
20140818,IF1409,,,IF1410,,,
20140819,IF1409,,,IF1410,,,
20140820,IF1409,,,IF1410,,,
20140821,IF1409,,,IF1410,,,
20140822,IF1409,,,IF1410,,,
20140825,IF1409,,,IF1410,,,
20140826,IF1409,,,IF1410,,,
20140827,IF1409,,,IF1410,,,
20140828,IF1409,,,IF1410,,,
20140829,IF1409,,,IF1410,,,
20140901,IF1409,,,IF1410,,,
20140902,IF1409,,,IF1410,,,
20140903,IF1409,,,IF1410,,,
20140904,IF1409,,,IF1410,,,
20140905,IF1409,,,IF1410,,1,1.0
20140909,IF1409,,,IF1410,,,
20140910,IF1409,,,IF1410,,,
20140911,IF1409,,,IF1410,,,
20140912,IF1409,,,IF1410,,,
20140915,IF1409,,,IF1410,,,
20140916,IF1409,,,IF1410,,,
20140917,IF1409,,,IF1410,,,-1.0
20140918,IF1409,,,IF1410,,,-1.0
20140919,IF1409,,,IF1410,,,
20140922,IF1410,,,IF1411,,,
20140923,IF1410,,,IF1411,,,
20140924,IF1410,1,,IF1411,1,,
20140925,IF1410,,,IF1411,,,
20140926,IF1410,,,IF1411,,,
20140929,IF1410,,,IF1411,,,
20140930,IF1410,,,IF1411,,,
20141008,IF1410,,,IF1411,,,
20141009,IF1410,,,IF1411,,,
20141010,IF1410,,,IF1411,,,
20141013,IF1410,,,IF1411,,,
20141014,IF1410,,,IF1411,,,
20141015,IF1410,,,IF1411,,,
20141016,IF1410,,,IF1411,,,
20141017,IF1410,,,IF1411,,,
20141020,IF1411,,,IF1412,,,
20141021,IF1411,,,IF1412,,,
20141022,IF1411,,,IF1412,,,
20141023,IF1411,,,IF1412,,,
20141024,IF1411,,,IF1412,,,
20141027,IF1411,,,IF1412,,,
20141028,IF1411,,,IF1412,,,
20141029,IF1411,,,IF1412,,,
20141030,IF1411,,,IF1412,,,
20141031,IF1411,,,IF1412,,,
20141103,IF1411,,,IF1412,,,
20141104,IF1411,,,IF1412,,,
20141105,IF1411,,,IF1412,,,
20141106,IF1411,,,IF1412,,,
20141107,IF1411,,,IF1412,,,
20141110,IF1411,,,IF1412,,,
20141111,IF1411,,,IF1412,,,
20141112,IF1411,,,IF1412,,,
20141113,IF1411,,,IF1412,,,
20141114,IF1411,,,IF1412,,,
20141117,IF1411,,,IF1412,,,
20141118,IF1411,,,IF1412,,,
20141119,IF1411,,,IF1412,,,
20141120,IF1411,,,IF1412,,,
20141121,IF1411,,,IF1412,,,
20141124,IF1412,,,IF1501,,,
20141125,IF1412,,,IF1501,,,
20141126,IF1412,,,IF1501,,,
20141127,IF1412,,,IF1501,,,
20141128,IF1412,1,,IF1501,1,,1.0
20141201,IF1412,,,IF1501,,,1.0
20141202,IF1412,1,,IF1501,1,1,1.0
20141203,IF1412,,,IF1501,,1,1.0
20141204,IF1412,1,,IF1501,1,1,1.0
20141205,IF1412,,,IF1501,,1,1.0
20141208,IF1412,1,,IF1501,1,1,1.0
20141209,IF1412,-1,,IF1501,-1,,
20141210,IF1412,,,IF1501,1,,
20141211,IF1412,,,IF1501,,,
20141212,IF1412,,,IF1501,,,
20141215,IF1412,,,IF1501,,,
20141216,IF1412,1,,IF1501,1,,
20141217,IF1412,,,IF1501,,1,
20141218,IF1412,,,IF1501,,1,
20141219,IF1412,,,IF1501,,1,
20141222,IF1501,-1,,IF1502,-1,,
20141223,IF1501,-1,,IF1502,-1,,
20141224,IF1501,,,IF1502,,,
20141225,IF1501,1,,IF1502,1,,
20141226,IF1501,1,,IF1502,1,,
20141229,IF1501,,,IF1502,,,
20141230,IF1501,,,IF1502,,,
20141231,IF1501,1,,IF1502,1,,
20150105,IF1501,,,IF1502,,1,1.0
20150106,IF1501,,,IF1502,,1,1.0
20150107,IF1501,,,IF1502,,1,1.0
20150108,IF1501,-1,,IF1502,-1,,
20150109,IF1501,,,IF1502,,,
20150112,IF1501,,,IF1502,,,
20150113,IF1501,,,IF1502,,,
20150114,IF1501,,,IF1502,,,
20150115,IF1501,1,,IF1502,1,,
20150116,IF1501,,,IF1502,,,
20150119,IF1502,-1,,IF1503,-1,,
20150120,IF1502,1,,IF1503,1,,
20150121,IF1502,1,,IF1503,1,,
20150122,IF1502,,,IF1503,,,
20150123,IF1502,,,IF1503,,,
20150126,IF1502,,,IF1503,,,
20150127,IF1502,,,IF1503,,,
20150128,IF1502,,,IF1503,,,
20150129,IF1502,,,IF1503,,,
20150130,IF1502,,,IF1503,,,
20150202,IF1502,,,IF1503,,,
20150203,IF1502,,,IF1503,,,-1.0
20150204,IF1502,,,IF1503,,,-1.0
20150205,IF1502,-1,,IF1503,-1,,-1.0
20150206,IF1502,,,IF1503,,,-1.0
20150209,IF1502,,,IF1503,,,-1.0
20150210,IF1502,,,IF1503,,,
20150211,IF1502,,,IF1503,,,
20150212,IF1502,,,IF1503,,,
20150213,IF1502,,,IF1503,,,
20150216,IF1502,,,IF1503,,,
20150217,IF1502,,,IF1503,,1,1.0
20150225,IF1502,,,IF1503,,,
20150226,IF1503,1,,IF1504,1,,
20150227,IF1503,,,IF1504,,,
20150302,IF1503,,,IF1504,,,
20150303,IF1503,,,IF1504,,,
20150304,IF1503,,,IF1504,,,
20150305,IF1503,,,IF1504,,,
20150306,IF1503,,,IF1504,,,
20150309,IF1503,1,,IF1504,,,
20150310,IF1503,,,IF1504,,,
20150311,IF1503,,,IF1504,,,
20150312,IF1503,,,IF1504,,,
20150313,IF1503,,,IF1504,,,
20150316,IF1503,1,,IF1504,1,1,1.0
20150317,IF1503,,,IF1504,,1,1.0
20150318,IF1503,,,IF1504,,1,1.0
20150319,IF1503,,,IF1504,,1,1.0
20150320,IF1503,,,IF1504,,1,1.0
20150323,IF1504,,,IF1505,,,1.0
20150324,IF1504,,,IF1505,,,1.0
20150325,IF1504,,,IF1505,,,
20150326,IF1504,,,IF1505,,,
20150327,IF1504,,,IF1505,,,
20150330,IF1504,1,,IF1505,1,,
20150331,IF1504,-1,,IF1505,-1,,
20150401,IF1504,,,IF1505,,,
20150402,IF1504,,,IF1505,,,
20150403,IF1504,1,,IF1505,1,1,1.0
20150407,IF1504,,,IF1505,,1,1.0
20150408,IF1504,,,IF1505,,1,1.0
20150409,IF1504,,,IF1505,,,
20150410,IF1504,1,,IF1505,1,1,1.0
20150413,IF1504,,,IF1505,,1,1.0
20150414,IF1504,,,IF1505,,1,1.0
20150415,IF1504,,,IF1505,,,
20150416,IF1504,1,,IF1505,1,1,1.0
20150417,IF1504,,,IF1505,,1,1.0
20150420,IF1505,,,IF1506,,,
20150421,IF1505,,,IF1506,,,1.0
20150422,IF1505,1,,IF1506,1,,1.0
20150423,IF1505,,,IF1506,,,1.0
20150424,IF1505,,,IF1506,,,1.0
20150427,IF1505,,,IF1506,,1,1.0
20150428,IF1505,,,IF1506,,,
20150429,IF1505,,,IF1506,,,
20150430,IF1505,,,IF1506,,,
20150504,IF1505,,,IF1506,,,
20150505,IF1505,-1,,IF1506,-1,,
20150506,IF1505,,,IF1506,,,
20150507,IF1505,,,IF1506,,,
20150508,IF1505,,,IF1506,,,
20150511,IF1505,,,IF1506,,,
20150512,IF1505,,,IF1506,,,
20150513,IF1505,,,IF1506,,,
20150514,IF1505,,,IF1506,,,
20150515,IF1505,,,IF1506,,,
20150518,IF1506,,,IF1507,,,
20150519,IF1506,1,,IF1507,1,,
20150520,IF1506,,,IF1507,,,
20150521,IF1506,,,IF1507,,,
20150522,IF1506,,,IF1507,1,,
20150525,IF1506,1,,IF1507,1,,
20150526,IF1506,,,IF1507,,1,1.0
20150527,IF1506,,,IF1507,,1,1.0
20150528,IF1506,-1,,IF1507,-1,,
20150529,IF1506,,,IF1507,,,
20150601,IF1506,1,,IF1507,1,,
20150602,IF1506,,,IF1507,,,
20150603,IF1506,,,IF1507,,,
20150604,IF1506,,,IF1507,,,
20150605,IF1506,,,IF1507,,,
20150608,IF1506,,,IF1507,,1,
20150609,IF1506,,,IF1507,,,
20150610,IF1506,,,IF1507,,,
20150611,IF1506,,,IF1507,,,
20150612,IF1506,,,IF1507,,,
20150615,IF1506,-1,,IF1507,-1,,
20150616,IF1506,,,IF1507,,,
20150617,IF1506,,,IF1507,,,
20150618,IF1506,-1,,IF1507,-1,,
20150619,IF1506,-1,,IF1507,-1,,
20150623,IF1507,1,,IF1508,1,,-1.0
20150624,IF1507,,,IF1508,,,
20150625,IF1507,-1,,IF1508,-1,,
20150626,IF1507,-1,,IF1508,-1,,
20150629,IF1507,-1,,IF1508,-1,,
20150630,IF1507,1,,IF1508,1,,
20150701,IF1507,-1,,IF1508,-1,,
20150702,IF1507,,,IF1508,,,-1.0
20150703,IF1507,-1,,IF1508,-1,,-1.0
20150706,IF1507,-1,,IF1508,-1,,-1.0
20150707,IF1507,-1,,IF1508,-1,,-1.0
20150708,IF1507,-1,,IF1508,-1,,-1.0
20150709,IF1507,1,,IF1508,1,,
20150710,IF1507,1,,IF1508,1,,
20150713,IF1507,,,IF1508,,,
20150714,IF1507,,,IF1508,-1,,
20150715,IF1507,-1,,IF1508,-1,,
20150716,IF1507,1,,IF1508,1,,
20150717,IF1507,1,,IF1508,1,,
20150720,IF1508,-1,,IF1509,-1,,
20150721,IF1508,,,IF1509,,,
20150722,IF1508,,,IF1509,,,
20150723,IF1508,1,,IF1509,1,,
20150724,IF1508,-1,,IF1509,-1,,
20150727,IF1508,-1,,IF1509,-1,,
20150728,IF1508,,,IF1509,,,
20150729,IF1508,1,,IF1509,1,,
20150730,IF1508,-1,,IF1509,-1,,
20150731,IF1508,,,IF1509,,,
20150803,IF1508,,,IF1509,,,-1.0
20150804,IF1508,1,,IF1509,1,,
20150805,IF1508,,,IF1509,,,
20150806,IF1508,,,IF1509,,,
20150807,IF1508,,,IF1509,1,,
20150810,IF1508,1,,IF1509,1,,
20150811,IF1508,,,IF1509,,1,1.0
20150812,IF1508,,,IF1509,,1,1.0
20150813,IF1508,,,IF1509,,,1.0
20150814,IF1508,,,IF1509,,,
20150817,IF1508,,,IF1509,,,
20150818,IF1508,-1,,IF1509,-1,,
20150819,IF1508,,,IF1509,,,
20150820,IF1508,,,IF1509,,,
20150821,IF1508,,,IF1509,-1,,-1.0
20150824,IF1509,-1,,IF1510,-1,,-1.0
20150825,IF1509,-1,,IF1510,-1,,-1.0
20150826,IF1509,-1,,IF1510,-1,,-1.0
20150827,IF1509,1,,IF1510,1,,-1.0
20150828,IF1509,1,,IF1510,,,
20150831,IF1509,-1,,IF1510,-1,,
20150901,IF1509,-1,,IF1510,-1,,
20150902,IF1509,,,IF1510,,,
20150907,IF1509,,,IF1510,1,,
20150908,IF1509,1,,IF1510,1,,
20150909,IF1509,,,IF1510,,,
20150910,IF1509,,,IF1510,,,
20150911,IF1509,,,IF1510,,,
20150914,IF1509,-1,,IF1510,-1,,
20150915,IF1509,,,IF1510,,,
20150916,IF1509,1,,IF1510,1,,
20150917,IF1509,,,IF1510,,,
20150918,IF1509,,,IF1510,,,
20150921,IF1510,1,,IF1511,,,
20150922,IF1510,,,IF1511,,,
20150923,IF1510,,,IF1511,,,
20150924,IF1510,,,IF1511,,,
20150925,IF1510,,,IF1511,-1,,
20150928,IF1510,,,IF1511,,,
20150929,IF1510,,,IF1511,,,
20150930,IF1510,,,IF1511,,,-1.0
20151008,IF1510,,,IF1511,,,
20151009,IF1510,,,IF1511,,,
20151012,IF1510,,,IF1511,1,,
20151013,IF1510,,,IF1511,,,
20151014,IF1510,,,IF1511,,,
20151015,IF1510,1,,IF1511,1,1,1.0
20151016,IF1510,,,IF1511,,1,1.0
20151019,IF1511,,,IF1512,,,
20151020,IF1511,,,IF1512,,,1.0
20151021,IF1511,-1,,IF1512,-1,,
20151022,IF1511,,,IF1512,,,
20151023,IF1511,,,IF1512,,,
20151026,IF1511,,,IF1512,,,
20151027,IF1511,,,IF1512,,,
20151028,IF1511,,,IF1512,,,
20151029,IF1511,,,IF1512,,,
20151030,IF1511,,,IF1512,,,
20151102,IF1511,,,IF1512,,,
20151103,IF1511,,,IF1512,,,
20151104,IF1511,1,,IF1512,1,,
20151105,IF1511,,,IF1512,,,
20151106,IF1511,1,,IF1512,1,,
20151109,IF1511,,,IF1512,,,
20151110,IF1511,,,IF1512,,,
20151111,IF1511,,,IF1512,,1,1.0
20151112,IF1511,,,IF1512,,,
20151113,IF1511,,,IF1512,,,
20151116,IF1511,,,IF1512,,,
20151117,IF1511,,,IF1512,,,
20151118,IF1511,,,IF1512,,,
20151119,IF1511,,,IF1512,,,
20151120,IF1511,,,IF1512,,,
20151123,IF1512,,,IF1601,,,
20151124,IF1512,,,IF1601,,,
20151125,IF1512,,,IF1601,,,
20151126,IF1512,,,IF1601,,,
20151127,IF1512,-1,,IF1601,-1,,
20151130,IF1512,,,IF1601,,,
20151201,IF1512,,,IF1601,,,
20151202,IF1512,1,,IF1601,1,,
20151203,IF1512,,,IF1601,,,
20151204,IF1512,,,IF1601,,,
20151207,IF1512,,,IF1601,,,
20151208,IF1512,,,IF1601,,,
20151209,IF1512,,,IF1601,,,
20151210,IF1512,,,IF1601,,,
20151211,IF1512,,,IF1601,,,
20151214,IF1512,1,,IF1601,1,,
20151215,IF1512,,,IF1601,,,
20151216,IF1512,,,IF1601,,,
20151217,IF1512,,,IF1601,,,
20151218,IF1512,,,IF1601,,,1.0
20151221,IF1601,1,,IF1602,1,,1.0
20151222,IF1601,,,IF1602,,,1.0
20151223,IF1601,,,IF1602,,,1.0
20151224,IF1601,,,IF1602,,,
20151225,IF1601,,,IF1602,,,
20151228,IF1601,-1,,IF1602,-1,,
20151229,IF1601,,,IF1602,,,
20151230,IF1601,,,IF1602,,,
20151231,IF1601,,,IF1602,,,
20160104,IF1601,-1,,IF1602,-1,,
20160105,IF1601,,,IF1602,,,-1.0
20160106,IF1601,,,IF1602,,,-1.0
20160107,IF1601,-1,,IF1602,-1,,-1.0
20160108,IF1601,,,IF1602,,,-1.0
20160111,IF1601,-1,,IF1602,-1,,-1.0
20160112,IF1601,,,IF1602,,,-1.0
20160113,IF1601,-1,,IF1602,,,-1.0
20160114,IF1601,1,,IF1602,1,,-1.0
20160115,IF1601,,,IF1602,-1,,-1.0
20160118,IF1602,,,IF1603,,,-1.0
20160119,IF1602,1,,IF1603,1,,
20160120,IF1602,,,IF1603,,,
20160121,IF1602,,,IF1603,,,
20160122,IF1602,,,IF1603,,,
20160125,IF1602,,,IF1603,,,
20160126,IF1602,-1,,IF1603,-1,,
20160127,IF1602,,,IF1603,,,-1.0
20160128,IF1602,,,IF1603,,,-1.0
20160129,IF1602,1,,IF1603,1,,-1.0
20160201,IF1602,,,IF1603,,,
20160202,IF1602,,,IF1603,1,,
20160203,IF1602,,,IF1603,,,
20160204,IF1602,,,IF1603,,,
20160205,IF1602,,,IF1603,,,
20160215,IF1602,,,IF1603,,,
20160216,IF1602,,,IF1603,,,
20160217,IF1602,,,IF1603,,,
20160218,IF1602,,,IF1603,,,
20160219,IF1602,,,IF1603,,,
20160222,IF1603,,,IF1604,,,
20160223,IF1603,,,IF1604,,,
20160224,IF1603,,,IF1604,,,
20160225,IF1603,-1,,IF1604,-1,,
20160226,IF1603,,,IF1604,,,
20160229,IF1603,-1,,IF1604,-1,,
20160301,IF1603,,,IF1604,,,
20160302,IF1603,1,,IF1604,1,,
20160303,IF1603,,,IF1604,,,
20160304,IF1603,,,IF1604,,,
20160307,IF1603,,,IF1604,,,
20160308,IF1603,,,IF1604,,,
20160309,IF1603,,,IF1604,,,
20160310,IF1603,,,IF1604,,,
20160311,IF1603,,,IF1604,,,
20160314,IF1603,,,IF1604,,,
20160315,IF1603,,,IF1604,,,
20160316,IF1603,,,IF1604,,,
20160317,IF1603,,,IF1604,,,
20160318,IF1603,,,IF1604,,,
20160321,IF1604,,,IF1605,,,1.0
20160322,IF1604,,,IF1605,,,1.0
20160323,IF1604,,,IF1605,,,1.0
20160324,IF1604,,,IF1605,,,
20160325,IF1604,,,IF1605,,,
20160328,IF1604,,,IF1605,,,
20160329,IF1604,,,IF1605,,,-1.0
20160330,IF1604,,,IF1605,,,
20160331,IF1604,,,IF1605,,,
20160401,IF1604,,,IF1605,,,
20160405,IF1604,,,IF1605,,,
20160406,IF1604,,,IF1605,,,
20160407,IF1604,,,IF1605,,,
20160408,IF1604,,,IF1605,,,
20160411,IF1604,,,IF1605,,,
20160412,IF1604,,,IF1605,,,
20160413,IF1604,,,IF1605,,,
20160414,IF1604,,,IF1605,,,
20160415,IF1604,,,IF1605,,,
20160418,IF1605,,,IF1606,,,
20160419,IF1605,,,IF1606,,,
20160420,IF1605,-1,,IF1606,-1,,
20160421,IF1605,,,IF1606,,,
20160422,IF1605,,,IF1606,,,
20160425,IF1605,,,IF1606,,,-1.0
20160426,IF1605,,,IF1606,,,
20160427,IF1605,,,IF1606,,,
20160428,IF1605,,,IF1606,,,
20160429,IF1605,,,IF1606,,,
20160503,IF1605,,,IF1606,,,
20160504,IF1605,,,IF1606,,,
20160505,IF1605,,,IF1606,,,
20160506,IF1605,-1,,IF1606,-1,,
20160509,IF1605,,,IF1606,,,
20160510,IF1605,,,IF1606,,,
20160511,IF1605,,,IF1606,,,
20160512,IF1605,,,IF1606,,,
20160513,IF1605,,,IF1606,,,
20160516,IF1605,,,IF1606,,,
20160517,IF1605,,,IF1606,,,
20160518,IF1605,,,IF1606,,,
20160519,IF1605,,,IF1606,,,
20160520,IF1605,,,IF1606,,,
20160523,IF1606,,,IF1607,,,
20160524,IF1606,,,IF1607,,,
20160525,IF1606,,,IF1607,,,
20160526,IF1606,,,IF1607,,,
20160527,IF1606,,,IF1607,,,
20160530,IF1606,,,IF1607,,,
20160531,IF1606,1,,IF1607,1,,
20160601,IF1606,,,IF1607,,,
20160602,IF1606,,,IF1607,,,
20160603,IF1606,,,IF1607,,,1.0
20160606,IF1606,,,IF1607,,,
20160607,IF1606,,,IF1607,,,
20160608,IF1606,,,IF1607,,,
20160613,IF1606,-1,,IF1607,-1,,
20160614,IF1606,,,IF1607,,,
20160615,IF1606,,,IF1607,,,
20160616,IF1606,,,IF1607,,,
20160617,IF1606,,,IF1607,,,
20160620,IF1607,,,IF1608,,,
20160621,IF1607,,,IF1608,,,
20160622,IF1607,,,IF1608,,,
20160623,IF1607,,,IF1608,,,
20160624,IF1607,,,IF1608,,,
20160627,IF1607,,,IF1608,,,
20160628,IF1607,,,IF1608,,,
20160629,IF1607,,,IF1608,,,
20160630,IF1607,,,IF1608,,,
20160701,IF1607,,,IF1608,,,
20160704,IF1607,,,IF1608,1,1,1.0
20160705,IF1607,,,IF1608,,1,1.0
20160706,IF1607,,,IF1608,,1,1.0
20160707,IF1607,,,IF1608,,,
20160708,IF1607,,,IF1608,,,
20160711,IF1607,,,IF1608,,,
20160712,IF1607,,,IF1608,1,,
20160713,IF1607,,,IF1608,,,
20160714,IF1607,,,IF1608,,,
20160715,IF1607,,,IF1608,,,
20160718,IF1608,,,IF1609,,,
20160719,IF1608,,,IF1609,,,
20160720,IF1608,,,IF1609,,,
20160721,IF1608,,,IF1609,,,
20160722,IF1608,,,IF1609,,,
20160725,IF1608,,,IF1609,,,
20160726,IF1608,,,IF1609,,,
20160727,IF1608,-1,,IF1609,,,
20160728,IF1608,,,IF1609,,,
20160729,IF1608,,,IF1609,,,
20160801,IF1608,,,IF1609,,,
20160802,IF1608,,,IF1609,,,
20160803,IF1608,,,IF1609,,,-1.0
20160804,IF1608,,,IF1609,,,
20160805,IF1608,,,IF1609,,,
20160808,IF1608,,,IF1609,,,
20160809,IF1608,,,IF1609,,,
20160810,IF1608,,,IF1609,,,
20160811,IF1608,,,IF1609,,,
20160812,IF1608,,,IF1609,,1,1.0
20160815,IF1608,,,IF1609,1,1,1.0
20160816,IF1608,,,IF1609,,1,1.0
20160817,IF1608,,,IF1609,,1,1.0
20160818,IF1608,,,IF1609,,,
20160819,IF1608,,,IF1609,,,
20160822,IF1609,,,IF1610,,,
20160823,IF1609,,,IF1610,,,
20160824,IF1609,,,IF1610,,,
20160825,IF1609,,,IF1610,,,
20160826,IF1609,,,IF1610,,,-1.0
20160829,IF1609,,,IF1610,,,-1.0
20160830,IF1609,,,IF1610,,,
20160831,IF1609,,,IF1610,,,
20160901,IF1609,,,IF1610,,,
20160902,IF1609,,,IF1610,,,
20160905,IF1609,,,IF1610,,,
20160906,IF1609,,,IF1610,,,
20160907,IF1609,,,IF1610,,,
20160908,IF1609,,,IF1610,,,
20160909,IF1609,,,IF1610,,,
20160912,IF1609,,,IF1610,,,
20160913,IF1609,,,IF1610,,,
20160914,IF1609,,,IF1610,,,
20160919,IF1609,,,IF1610,,,
20160920,IF1610,,,IF1611,,,
20160921,IF1610,,,IF1611,,,
20160922,IF1610,,,IF1611,,,
20160923,IF1610,,,IF1611,,,
20160926,IF1610,,,IF1611,,,
20160927,IF1610,,,IF1611,,,
20160928,IF1610,,,IF1611,,,
20160929,IF1610,,,IF1611,,,
20160930,IF1610,,,IF1611,,,
20161010,IF1610,,,IF1611,,,
20161011,IF1610,,,IF1611,,,
20161012,IF1610,,,IF1611,,,
20161013,IF1610,,,IF1611,,,
20161014,IF1610,,,IF1611,,,
20161017,IF1610,,,IF1611,,,
20161018,IF1610,,,IF1611,,,
20161019,IF1610,,,IF1611,,,
20161020,IF1610,,,IF1611,,,
20161021,IF1610,,,IF1611,,,
20161024,IF1611,,,IF1612,,,
20161025,IF1611,,,IF1612,,,
20161026,IF1611,,,IF1612,,,
20161027,IF1611,,,IF1612,,,
20161028,IF1611,,,IF1612,,,
20161031,IF1611,,,IF1612,,,
20161101,IF1611,,,IF1612,,,
20161102,IF1611,,,IF1612,,,
20161103,IF1611,,,IF1612,,,
20161104,IF1611,,,IF1612,,,
20161107,IF1611,,,IF1612,,,
20161108,IF1611,,,IF1612,,,
20161109,IF1611,,,IF1612,,,
20161110,IF1611,,,IF1612,,,
20161111,IF1611,,,IF1612,,,
20161114,IF1611,,,IF1612,,,
20161115,IF1611,,,IF1612,,,
20161116,IF1611,,,IF1612,,,
20161117,IF1611,,,IF1612,,,
20161118,IF1611,,,IF1612,,,
20161121,IF1612,,,IF1701,,,
20161122,IF1612,,,IF1701,,,
20161123,IF1612,,,IF1701,,,
20161124,IF1612,,,IF1701,,,
20161125,IF1612,,,IF1701,,,
20161128,IF1612,,,IF1701,,,1.0
20161129,IF1612,,,IF1701,,1,1.0
20161130,IF1612,,,IF1701,,,
20161201,IF1612,,,IF1701,,,
20161202,IF1612,,,IF1701,,,
20161205,IF1612,,,IF1701,,,
20161206,IF1612,,,IF1701,,,
20161207,IF1612,,,IF1701,,,
20161208,IF1612,,,IF1701,,,
20161209,IF1612,,,IF1701,,,
20161212,IF1612,-1,,IF1701,-1,,
20161213,IF1612,,,IF1701,,,
20161214,IF1612,,,IF1701,,,
20161215,IF1612,,,IF1701,,,
20161216,IF1612,,,IF1701,,,
20161219,IF1701,,,IF1702,,,-1.0
20161220,IF1701,,,IF1702,,,-1.0
20161221,IF1701,,,IF1702,,,
20161222,IF1701,,,IF1702,,,
20161223,IF1701,,,IF1702,,,
20161226,IF1701,,,IF1702,,,
20161227,IF1701,,,IF1702,,,
20161228,IF1701,,,IF1702,,,
20161229,IF1701,,,IF1702,,,
20161230,IF1701,,,IF1702,,,-1.0
20170103,IF1701,,,IF1702,,,
20170104,IF1701,,,IF1702,,,
20170105,IF1701,,,IF1702,,,
20170106,IF1701,,,IF1702,,,
20170109,IF1701,,,IF1702,,,
20170110,IF1701,,,IF1702,,,
20170111,IF1701,,,IF1702,,,
20170112,IF1701,,,IF1702,,,
20170113,IF1701,,,IF1702,,,
20170116,IF1701,,,IF1702,,,
20170117,IF1701,,,IF1702,,,
20170118,IF1701,,,IF1702,,,
20170119,IF1701,,,IF1702,,,
20170120,IF1701,,,IF1702,,,
20170123,IF1702,,,IF1703,,,
20170124,IF1702,,,IF1703,,,
20170125,IF1702,,,IF1703,,,
20170126,IF1702,,,IF1703,,,
20170203,IF1702,,,IF1703,,,
20170206,IF1702,,,IF1703,,,
20170207,IF1702,,,IF1703,,,
20170208,IF1702,,,IF1703,,,
20170209,IF1702,,,IF1703,,,
20170210,IF1702,,,IF1703,,,
20170213,IF1702,,,IF1703,,,
20170214,IF1702,,,IF1703,,,
20170215,IF1702,,,IF1703,,,
20170216,IF1702,,,IF1703,,,
20170217,IF1702,,,IF1703,,,
20170220,IF1703,,,IF1704,,,
20170221,IF1703,,,IF1704,,,
20170222,IF1703,,,IF1704,,,
20170223,IF1703,,,IF1704,,,
20170224,IF1703,,,IF1704,,,
20170227,IF1703,,,IF1704,,,
20170228,IF1703,,,IF1704,,,
20170301,IF1703,,,IF1704,,,
20170302,IF1703,,,IF1704,,,-1.0
20170303,IF1703,,,IF1704,,,-1.0
20170306,IF1703,,,IF1704,,,-1.0
20170307,IF1703,,,IF1704,,,
20170308,IF1703,,,IF1704,,,
20170309,IF1703,,,IF1704,,,
20170310,IF1703,,,IF1704,,,
20170313,IF1703,,,IF1704,,,
20170314,IF1703,,,IF1704,,,
20170315,IF1703,,,IF1704,,,
20170316,IF1703,,,IF1704,,,
20170317,IF1703,,,IF1704,,,
20170320,IF1704,,,IF1705,,,
20170321,IF1704,,,IF1705,,,
20170322,IF1704,,,IF1705,,,
20170323,IF1704,,,IF1705,,,
20170324,IF1704,,,IF1705,,,
20170327,IF1704,,,IF1705,,,
20170328,IF1704,,,IF1705,,,
20170329,IF1704,,,IF1705,,,
20170330,IF1704,,,IF1705,,,
20170331,IF1704,,,IF1705,,,
20170405,IF1704,,,IF1705,,,
20170406,IF1704,,,IF1705,,,
20170407,IF1704,,,IF1705,,,
20170410,IF1704,,,IF1705,,,
20170411,IF1704,,,IF1705,,,
20170412,IF1704,,,IF1705,,,
20170413,IF1704,,,IF1705,,,
20170414,IF1704,,,IF1705,,,
20170417,IF1704,,,IF1705,,,
20170418,IF1704,,,IF1705,,,
20170419,IF1704,,,IF1705,,,
20170420,IF1704,,,IF1705,,,
20170421,IF1704,,,IF1705,,,-1.0
20170424,IF1705,,,IF1706,,,
20170425,IF1705,,,IF1706,,,
20170426,IF1705,,,IF1706,,,
20170427,IF1705,,,IF1706,,,
20170428,IF1705,,,IF1706,,,
20170502,IF1705,,,IF1706,,,
20170503,IF1705,,,IF1706,,,
20170504,IF1705,,,IF1706,,,
20170505,IF1705,,,IF1706,,,
20170508,IF1705,,,IF1706,,,-1.0
20170509,IF1705,,,IF1706,,,-1.0
20170510,IF1705,,,IF1706,,,-1.0
20170511,IF1705,,,IF1706,,,-1.0
20170512,IF1705,,,IF1706,,,
20170515,IF1705,,,IF1706,,,
20170516,IF1705,,,IF1706,,,
20170517,IF1705,,,IF1706,,,
20170518,IF1705,,,IF1706,,,
20170519,IF1705,,,IF1706,,,
20170522,IF1706,,,IF1707,,,
20170523,IF1706,,,IF1707,,,
20170524,IF1706,,,IF1707,,,
20170525,IF1706,,,IF1707,1,,
20170526,IF1706,,,IF1707,,,
20170531,IF1706,,,IF1707,,,
20170601,IF1706,,,IF1707,,,
20170602,IF1706,,,IF1707,,,
20170605,IF1706,,,IF1707,,,
20170606,IF1706,,,IF1707,,,
20170607,IF1706,,,IF1707,,,
20170608,IF1706,,,IF1707,,,
20170609,IF1706,,,IF1707,,,
20170612,IF1706,,,IF1707,,,
20170613,IF1706,,,IF1707,,,
20170614,IF1706,,,IF1707,,,
20170615,IF1706,,,IF1707,,,
20170616,IF1706,,,IF1707,,,
20170619,IF1707,,,IF1708,,,
20170620,IF1707,,,IF1708,,,
20170621,IF1707,,,IF1708,,,
20170622,IF1707,,,IF1708,,,
20170623,IF1707,,,IF1708,,,
20170626,IF1707,,,IF1708,,,1.0
20170627,IF1707,,,IF1708,,,1.0
20170628,IF1707,,,IF1708,,,
20170629,IF1707,,,IF1708,,,
20170630,IF1707,,,IF1708,,,
20170703,IF1707,,,IF1708,,,
20170704,IF1707,,,IF1708,,,
20170705,IF1707,,,IF1708,,,
20170706,IF1707,,,IF1708,,,
20170707,IF1707,,,IF1708,,,
20170710,IF1707,,,IF1708,,,
20170711,IF1707,,,IF1708,,,
20170712,IF1707,,,IF1708,,,
20170713,IF1707,,,IF1708,,,
20170714,IF1707,,,IF1708,,,
20170717,IF1707,,,IF1708,,,
20170718,IF1707,,,IF1708,,,
20170719,IF1707,,,IF1708,-1,,
20170720,IF1707,,,IF1708,,,
20170721,IF1707,,,IF1708,,,
20170724,IF1708,,,IF1709,,,
20170725,IF1708,,,IF1709,,,
20170726,IF1708,,,IF1709,,,
20170727,IF1708,,,IF1709,,,
20170728,IF1708,,,IF1709,,,
20170731,IF1708,,,IF1709,,,
20170801,IF1708,,,IF1709,,,
20170802,IF1708,,,IF1709,,,
20170803,IF1708,,,IF1709,,,
20170804,IF1708,,,IF1709,,,
20170807,IF1708,,,IF1709,,,
20170808,IF1708,,,IF1709,,,
20170809,IF1708,,,IF1709,,,
20170810,IF1708,,,IF1709,,,
20170811,IF1708,,,IF1709,,,
20170814,IF1708,,,IF1709,,,
20170815,IF1708,,,IF1709,,,
20170816,IF1708,,,IF1709,,,
20170817,IF1708,,,IF1709,,,
20170818,IF1708,,,IF1709,,,
20170821,IF1709,,,IF1710,,,
20170822,IF1709,,,IF1710,,,
20170823,IF1709,,,IF1710,,,
20170824,IF1709,,,IF1710,,,
20170825,IF1709,,,IF1710,,,
20170828,IF1709,,,IF1710,,,
20170829,IF1709,,,IF1710,,,
20170830,IF1709,,,IF1710,,,
20170831,IF1709,,,IF1710,,,
20170901,IF1709,,,IF1710,,,
20170904,IF1709,,,IF1710,,,
20170905,IF1709,,,IF1710,,,
20170906,IF1709,,,IF1710,,,
20170907,IF1709,,,IF1710,,,
20170908,IF1709,,,IF1710,,,
20170911,IF1709,,,IF1710,,,
20170912,IF1709,,,IF1710,,,
20170913,IF1709,,,IF1710,,,
20170914,IF1709,,,IF1710,,,
20170915,IF1709,,,IF1710,,,
20170918,IF1710,,,IF1711,,,
20170919,IF1710,,,IF1711,,,
20170920,IF1710,,,IF1711,,,
20170921,IF1710,,,IF1711,,,
20170922,IF1710,,,IF1711,,,
20170925,IF1710,,,IF1711,,,
20170926,IF1710,,,IF1711,,,
20170927,IF1710,,,IF1711,,,
20170928,IF1710,,,IF1711,,,
20170929,IF1710,,,IF1711,,,
20171009,IF1710,,,IF1711,,,
20171010,IF1710,,,IF1711,,,
20171011,IF1710,,,IF1711,,,
20171012,IF1710,,,IF1711,,,
20171013,IF1710,,,IF1711,,,
20171016,IF1710,,,IF1711,,,
20171017,IF1710,,,IF1711,,,
20171018,IF1710,,,IF1711,,,
20171019,IF1710,,,IF1711,,,
20171020,IF1710,,,IF1711,,,
20171023,IF1711,,,IF1712,,,
20171024,IF1711,,,IF1712,,,
20171025,IF1711,,,IF1712,,,
20171026,IF1711,,,IF1712,,,
20171027,IF1711,,,IF1712,,,
20171030,IF1711,,,IF1712,,,
20171031,IF1711,,,IF1712,,,
20171101,IF1711,,,IF1712,,,
20171102,IF1711,,,IF1712,,,
20171103,IF1711,,,IF1712,,,
20171106,IF1711,,,IF1712,,,
20171107,IF1711,,,IF1712,,,
20171108,IF1711,,,IF1712,,,
20171109,IF1711,,,IF1712,,,
20171110,IF1711,,,IF1712,,,
20171113,IF1711,,,IF1712,,1,1.0
20171114,IF1711,,,IF1712,,,
20171115,IF1711,,,IF1712,,,
20171116,IF1711,,,IF1712,,,
20171117,IF1711,,,IF1712,,,
20171120,IF1712,,,IF1801,,,
20171121,IF1712,,,IF1801,,,
20171122,IF1712,,,IF1801,,,
20171123,IF1712,-1,,IF1801,-1,,
20171124,IF1712,,,IF1801,,,
20171127,IF1712,,,IF1801,,,
20171128,IF1712,,,IF1801,,,
20171129,IF1712,,,IF1801,,,
20171130,IF1712,,,IF1801,,,-1.0
20171201,IF1712,,,IF1801,,,-1.0
20171204,IF1712,,,IF1801,,,-1.0
20171205,IF1712,,,IF1801,,,
20171206,IF1712,,,IF1801,,,
20171207,IF1712,,,IF1801,,,
20171208,IF1712,,,IF1801,,,
20171211,IF1712,,,IF1801,,,
20171212,IF1712,,,IF1801,,,
20171213,IF1712,,,IF1801,,,
20171214,IF1712,,,IF1801,,,
20171215,IF1712,,,IF1801,,,
20171218,IF1801,,,IF1802,,,
20171219,IF1801,,,IF1802,,,
20171220,IF1801,,,IF1802,,,
20171221,IF1801,,,IF1802,,,
20171222,IF1801,,,IF1802,,,
20171225,IF1801,,,IF1802,,,
20171226,IF1801,,,IF1802,,,
20171227,IF1801,,,IF1802,,,
20171228,IF1801,,,IF1802,,,
20171229,IF1801,,,IF1802,,,
20180102,IF1801,,,IF1802,,,
20180103,IF1801,,,IF1802,,,
20180104,IF1801,,,IF1802,,,
20180105,IF1801,,,IF1802,,,
20180108,IF1801,,,IF1802,,,
20180109,IF1801,,,IF1802,,1,1.0
20180110,IF1801,,,IF1802,,,
20180111,IF1801,,,IF1802,,,
20180112,IF1801,,,IF1802,,,
20180115,IF1801,,,IF1802,,,
20180116,IF1801,,,IF1802,,,
20180117,IF1801,,,IF1802,,,
20180118,IF1801,,,IF1802,,,
20180119,IF1801,,,IF1802,,,
20180122,IF1802,,,IF1803,,,1.0
20180123,IF1802,,,IF1803,,,1.0
20180124,IF1802,,,IF1803,,,1.0
20180125,IF1802,,,IF1803,,,
20180126,IF1802,,,IF1803,,,
20180129,IF1802,,,IF1803,,,
20180130,IF1802,,,IF1803,,,
20180131,IF1802,,,IF1803,,,
20180201,IF1802,,,IF1803,,,
20180202,IF1802,,,IF1803,,,
20180205,IF1802,,,IF1803,,,-1.0
20180206,IF1802,,,IF1803,,,-1.0
20180207,IF1802,-1,,IF1803,-1,,-1.0
20180208,IF1802,,,IF1803,,,-1.0
20180209,IF1802,-1,,IF1803,-1,,-1.0
20180212,IF1802,,,IF1803,,,-1.0
20180213,IF1802,,,IF1803,,,-1.0
20180214,IF1802,,,IF1803,,,
20180222,IF1802,,,IF1803,,,
20180223,IF1803,,,IF1804,,,
20180226,IF1803,,,IF1804,,,
20180227,IF1803,,,IF1804,,,
20180228,IF1803,,,IF1804,,,
20180301,IF1803,,,IF1804,,,
20180302,IF1803,,,IF1804,,,
20180305,IF1803,,,IF1804,,,
20180306,IF1803,,,IF1804,,,
20180307,IF1803,,,IF1804,,,
20180308,IF1803,,,IF1804,,,
20180309,IF1803,,,IF1804,,,
20180312,IF1803,,,IF1804,,,
20180313,IF1803,,,IF1804,,,
20180314,IF1803,,,IF1804,,,
20180315,IF1803,,,IF1804,,,
20180316,IF1803,,,IF1804,,,
20180319,IF1804,,,IF1805,,,
20180320,IF1804,,,IF1805,,,-1.0
20180321,IF1804,,,IF1805,,,-1.0
20180322,IF1804,,,IF1805,,,-1.0
20180323,IF1804,,,IF1805,-1,,-1.0
20180326,IF1804,,,IF1805,,,-1.0
20180327,IF1804,,,IF1805,,,-1.0
20180328,IF1804,,,IF1805,,,-1.0
20180329,IF1804,,,IF1805,,,
20180330,IF1804,,,IF1805,,,
20180402,IF1804,,,IF1805,,,
20180403,IF1804,,,IF1805,,,
20180404,IF1804,,,IF1805,,,
20180409,IF1804,,,IF1805,,,
20180410,IF1804,,,IF1805,,,
20180411,IF1804,,,IF1805,,,
20180412,IF1804,,,IF1805,,,
20180413,IF1804,,,IF1805,,,
20180416,IF1804,,,IF1805,,,
20180417,IF1804,,,IF1805,,,
20180418,IF1804,,,IF1805,,,
20180419,IF1804,,,IF1805,,,
20180420,IF1804,,,IF1805,,,
20180423,IF1805,,,IF1806,,,
20180424,IF1805,,,IF1806,,,
20180425,IF1805,,,IF1806,,,
20180426,IF1805,,,IF1806,,,
20180427,IF1805,,,IF1806,,,
20180502,IF1805,,,IF1806,,,
20180503,IF1805,,,IF1806,,,
20180504,IF1805,,,IF1806,,,
20180507,IF1805,,,IF1806,,,
20180508,IF1805,,,IF1806,,,
20180509,IF1805,,,IF1806,,,
20180510,IF1805,,,IF1806,,1,1.0
20180511,IF1805,,,IF1806,,,
20180514,IF1805,,,IF1806,,,
20180515,IF1805,,,IF1806,,,
20180516,IF1805,,,IF1806,,,
20180517,IF1805,,,IF1806,,,
20180518,IF1805,,,IF1806,,,
20180521,IF1806,,,IF1807,,,
20180522,IF1806,,,IF1807,,,
20180523,IF1806,,,IF1807,,,
20180524,IF1806,,,IF1807,,,
20180525,IF1806,,,IF1807,,,
20180528,IF1806,,,IF1807,,,
20180529,IF1806,,,IF1807,,,-1.0
20180530,IF1806,,,IF1807,,,-1.0
20180531,IF1806,,,IF1807,,,
20180601,IF1806,,,IF1807,,,
20180604,IF1806,,,IF1807,,,
20180605,IF1806,,,IF1807,,,
20180606,IF1806,,,IF1807,,,
20180607,IF1806,,,IF1807,,,
20180608,IF1806,,,IF1807,,,
20180611,IF1806,,,IF1807,,,
20180612,IF1806,,,IF1807,,,
20180613,IF1806,,,IF1807,,,
20180614,IF1806,,,IF1807,,,
20180615,IF1806,,,IF1807,,,
20180619,IF1807,-1,,IF1808,-1,,
20180620,IF1807,,,IF1808,,,
20180621,IF1807,,,IF1808,,,-1.0
20180622,IF1807,,,IF1808,,,-1.0
20180625,IF1807,,,IF1808,,,-1.0
20180626,IF1807,,,IF1808,,,-1.0
20180627,IF1807,-1,,IF1808,-1,,-1.0
20180628,IF1807,,,IF1808,,,-1.0
20180629,IF1807,,,IF1808,,,
20180702,IF1807,-1,,IF1808,-1,,
20180703,IF1807,,,IF1808,,,
20180704,IF1807,,,IF1808,,,
20180705,IF1807,,,IF1808,,,
20180706,IF1807,,,IF1808,,,
20180709,IF1807,,,IF1808,1,,
20180710,IF1807,,,IF1808,,,
20180711,IF1807,,,IF1808,,,
20180712,IF1807,1,,IF1808,1,,
20180713,IF1807,,,IF1808,,,
20180716,IF1807,,,IF1808,,,
20180717,IF1807,,,IF1808,,,
20180718,IF1807,,,IF1808,,,
20180719,IF1807,,,IF1808,,,
20180720,IF1807,,,IF1808,,,
20180723,IF1808,,,IF1809,,,
20180724,IF1808,,,IF1809,,,
20180725,IF1808,,,IF1809,,,
20180726,IF1808,,,IF1809,,,
20180727,IF1808,,,IF1809,,,
20180730,IF1808,,,IF1809,,,
20180731,IF1808,,,IF1809,,,
20180801,IF1808,-1,,IF1809,-1,,
20180802,IF1808,,,IF1809,,,-1.0
20180803,IF1808,,,IF1809,,,-1.0
20180806,IF1808,,,IF1809,,,-1.0
20180807,IF1808,,,IF1809,1,,
20180808,IF1808,,,IF1809,,,
20180809,IF1808,1,,IF1809,1,,
20180810,IF1808,,,IF1809,,,
20180813,IF1808,,,IF1809,,,
20180814,IF1808,,,IF1809,,,
20180815,IF1808,,,IF1809,-1,,
20180816,IF1808,,,IF1809,,,
20180817,IF1808,,,IF1809,-1,,
20180820,IF1809,,,IF1810,,,
20180821,IF1809,,,IF1810,,,
20180822,IF1809,,,IF1810,,,
20180823,IF1809,,,IF1810,,,
20180824,IF1809,,,IF1810,,,
20180827,IF1809,,,IF1810,,,
20180828,IF1809,,,IF1810,,1,1.0
20180829,IF1809,,,IF1810,,,
20180830,IF1809,,,IF1810,,,
20180831,IF1809,,,IF1810,,,
20180903,IF1809,,,IF1810,,,
20180904,IF1809,,,IF1810,,,
20180905,IF1809,,,IF1810,,,
20180906,IF1809,,,IF1810,,,
20180907,IF1809,,,IF1810,,,
20180910,IF1809,,,IF1810,,,
20180911,IF1809,,,IF1810,,,
20180912,IF1809,,,IF1810,,,-1.0
20180913,IF1809,,,IF1810,,,
20180914,IF1809,,,IF1810,,,
20180917,IF1809,,,IF1810,,,
20180918,IF1809,,,IF1810,,,
20180919,IF1809,,,IF1810,,,
20180920,IF1809,,,IF1810,,,
20180921,IF1809,,,IF1810,1,,
20180925,IF1810,,,IF1811,,,
20180926,IF1810,,,IF1811,,,1.0
20180927,IF1810,,,IF1811,,,
20180928,IF1810,,,IF1811,,,
20181008,IF1810,,,IF1811,,,
20181009,IF1810,,,IF1811,,,
20181010,IF1810,,,IF1811,,,
20181011,IF1810,-1,,IF1811,-1,,
20181012,IF1810,,,IF1811,,,
20181015,IF1810,,,IF1811,,,-1.0
20181016,IF1810,,,IF1811,,,-1.0
20181017,IF1810,,,IF1811,,,-1.0
20181018,IF1810,,,IF1811,,,-1.0
20181019,IF1810,1,,IF1811,1,,
20181022,IF1811,1,,IF1812,1,,
20181023,IF1811,-1,,IF1812,-1,,
20181024,IF1811,,,IF1812,,,
20181025,IF1811,1,,IF1812,,,
20181026,IF1811,,,IF1812,,,
20181029,IF1811,-1,,IF1812,-1,,
20181030,IF1811,,,IF1812,,,
20181031,IF1811,,,IF1812,,,
20181101,IF1811,,,IF1812,,,
20181102,IF1811,,,IF1812,,,
20181105,IF1811,,,IF1812,,,
20181106,IF1811,,,IF1812,,,
20181107,IF1811,,,IF1812,,,
20181108,IF1811,,,IF1812,,,
20181109,IF1811,,,IF1812,,,
20181112,IF1811,,,IF1812,,,
20181113,IF1811,,,IF1812,,,
20181114,IF1811,,,IF1812,,,
20181115,IF1811,,,IF1812,,,
20181116,IF1811,,,IF1812,,,
20181119,IF1812,,,IF1901,,,
20181120,IF1812,,,IF1901,,,
20181121,IF1812,,,IF1901,,,
20181122,IF1812,,,IF1901,,,
20181123,IF1812,,,IF1901,,,
20181126,IF1812,,,IF1901,,,
20181127,IF1812,,,IF1901,,,-1.0
20181128,IF1812,,,IF1901,,,
20181129,IF1812,,,IF1901,,,
20181130,IF1812,,,IF1901,,,
20181203,IF1812,,,IF1901,,,
20181204,IF1812,,,IF1901,,,
20181205,IF1812,,,IF1901,,,
20181206,IF1812,,,IF1901,,,
20181207,IF1812,,,IF1901,,,
20181210,IF1812,,,IF1901,,,
20181211,IF1812,,,IF1901,,,
20181212,IF1812,,,IF1901,,,
20181213,IF1812,,,IF1901,,,
20181214,IF1812,,,IF1901,,,
20181217,IF1812,,,IF1901,,,
20181218,IF1812,,,IF1901,,,
20181219,IF1812,,,IF1901,,,
20181220,IF1812,,,IF1901,,,
20181221,IF1812,,,IF1901,,,-1.0
20181224,IF1901,,,IF1902,,,-1.0
20181225,IF1901,,,IF1902,,,-1.0
20181226,IF1901,,,IF1902,,,-1.0
20181227,IF1901,,,IF1902,,,-1.0
20181228,IF1901,,,IF1902,,,-1.0
20190102,IF1901,,,IF1902,,,-1.0
20190103,IF1901,,,IF1902,,,-1.0
20190104,IF1901,1,,IF1902,1,,
20190107,IF1901,,,IF1902,,,
20190108,IF1901,,,IF1902,,,
20190109,IF1901,,,IF1902,,,
20190110,IF1901,,,IF1902,,,
20190111,IF1901,,,IF1902,,,
20190114,IF1901,,,IF1902,,,
20190115,IF1901,,,IF1902,,,
20190116,IF1901,,,IF1902,,,
20190117,IF1901,,,IF1902,,,
20190118,IF1901,,,IF1902,,,
20190121,IF1902,,,IF1903,,,
20190122,IF1902,,,IF1903,,,
20190123,IF1902,,,IF1903,,,
20190124,IF1902,,,IF1903,,,
20190125,IF1902,,,IF1903,,,
20190128,IF1902,,,IF1903,,,
20190129,IF1902,,,IF1903,,,
20190130,IF1902,,,IF1903,,,
20190131,IF1902,,,IF1903,,,
20190201,IF1902,,,IF1903,,,
20190211,IF1902,,,IF1903,,,
20190212,IF1902,,,IF1903,,,
20190213,IF1902,,,IF1903,,,
20190214,IF1902,,,IF1903,,1,1.0
20190215,IF1902,,,IF1903,,,
20190218,IF1903,,,IF1904,,,
20190219,IF1903,,,IF1904,,,
20190220,IF1903,,,IF1904,,,
20190221,IF1903,,,IF1904,,,
20190222,IF1903,1,,IF1904,1,,
20190225,IF1903,1,,IF1904,1,,1.0
20190226,IF1903,,,IF1904,,,1.0
20190227,IF1903,,,IF1904,,1,1.0
20190228,IF1903,,,IF1904,,,
20190301,IF1903,,,IF1904,,,
20190304,IF1903,,,IF1904,,,
20190305,IF1903,,,IF1904,,,
20190306,IF1903,,,IF1904,,,
20190307,IF1903,,,IF1904,,,
20190308,IF1903,,,IF1904,,,
20190311,IF1903,,,IF1904,,,
20190312,IF1903,,,IF1904,,,
20190313,IF1903,,,IF1904,,,
20190314,IF1903,,,IF1904,,,
20190315,IF1903,,,IF1904,,,
20190318,IF1904,1,,IF1905,1,,
20190319,IF1904,,,IF1905,,,
20190320,IF1904,,,IF1905,,,
20190321,IF1904,,,IF1905,,,
20190322,IF1904,,,IF1905,,,
20190325,IF1904,,,IF1905,,,
20190326,IF1904,,,IF1905,,,
20190327,IF1904,,,IF1905,,,
20190328,IF1904,,,IF1905,,,
20190329,IF1904,1,,IF1905,1,,
20190401,IF1904,,,IF1905,,,
20190402,IF1904,,,IF1905,,,
20190403,IF1904,,,IF1905,,,
20190404,IF1904,,,IF1905,,,
20190408,IF1904,,,IF1905,,,
20190409,IF1904,,,IF1905,,,
20190410,IF1904,,,IF1905,,,
20190411,IF1904,,,IF1905,,,
20190412,IF1904,,,IF1905,,,
20190415,IF1904,,,IF1905,-1,,
20190416,IF1904,1,,IF1905,1,,
20190417,IF1904,,,IF1905,,,
20190418,IF1904,,,IF1905,,,
20190419,IF1904,,,IF1905,,,
20190422,IF1905,-1,,IF1906,-1,,
20190423,IF1905,,,IF1906,,,
20190424,IF1905,,,IF1906,,,
20190425,IF1905,,,IF1906,,,
20190426,IF1905,,,IF1906,,,
20190429,IF1905,,,IF1906,,,-1.0
20190430,IF1905,,,IF1906,,,-1.0
20190506,IF1905,-1,,IF1906,-1,,-1.0
20190507,IF1905,,,IF1906,,,-1.0
20190508,IF1905,,,IF1906,,,-1.0
20190509,IF1905,,,IF1906,,,-1.0
20190510,IF1905,,,IF1906,,,
20190513,IF1905,,,IF1906,,,
20190514,IF1905,,,IF1906,,,
20190515,IF1905,,,IF1906,,,
20190516,IF1905,,,IF1906,,,
20190517,IF1905,,,IF1906,-1,,
20190520,IF1906,,,IF1907,,,
20190521,IF1906,,,IF1907,,,
20190522,IF1906,,,IF1907,,,
20190523,IF1906,,,IF1907,,,
20190524,IF1906,,,IF1907,,,-1.0
20190527,IF1906,,,IF1907,,,
20190528,IF1906,,,IF1907,,,
20190529,IF1906,,,IF1907,,,
20190530,IF1906,,,IF1907,,,
20190531,IF1906,,,IF1907,,,
20190603,IF1906,,,IF1907,,,
20190604,IF1906,,,IF1907,,,
20190605,IF1906,,,IF1907,,,
20190606,IF1906,,,IF1907,,,
20190610,IF1906,,,IF1907,,,
20190611,IF1906,1,,IF1907,1,,
20190612,IF1906,,,IF1907,,,
20190613,IF1906,,,IF1907,,,
20190614,IF1906,,,IF1907,,,
20190617,IF1906,,,IF1907,,,
20190618,IF1906,,,IF1907,,,
20190619,IF1906,,,IF1907,,,
20190620,IF1906,1,,IF1907,1,,
20190621,IF1906,,,IF1907,,,
20190624,IF1907,,,IF1908,,,
20190625,IF1907,,,IF1908,,,
20190626,IF1907,,,IF1908,,,
20190627,IF1907,,,IF1908,,,
20190628,IF1907,,,IF1908,,,
20190701,IF1907,,,IF1908,,,
20190702,IF1907,,,IF1908,,,
20190703,IF1907,,,IF1908,,,
20190704,IF1907,,,IF1908,,,
20190705,IF1907,,,IF1908,,,
20190708,IF1907,,,IF1908,,,
20190709,IF1907,,,IF1908,,,
20190710,IF1907,,,IF1908,,,
20190711,IF1907,,,IF1908,,,-1.0
20190712,IF1907,,,IF1908,,,
20190715,IF1907,,,IF1908,,,
20190716,IF1907,,,IF1908,,,
20190717,IF1907,,,IF1908,,,
20190718,IF1907,,,IF1908,,,
20190719,IF1907,,,IF1908,,,
20190722,IF1908,,,IF1909,,,
20190723,IF1908,,,IF1909,,,
20190724,IF1908,,,IF1909,,,
20190725,IF1908,,,IF1909,,,
20190726,IF1908,,,IF1909,,,
20190729,IF1908,,,IF1909,,,
20190730,IF1908,,,IF1909,,,
20190731,IF1908,,,IF1909,,,
20190801,IF1908,,,IF1909,,,
20190802,IF1908,,,IF1909,,,
20190805,IF1908,,,IF1909,,,
20190806,IF1908,,,IF1909,,,
20190807,IF1908,,,IF1909,,,-1.0
20190808,IF1908,,,IF1909,,,-1.0
20190809,IF1908,,,IF1909,,,-1.0
20190812,IF1908,,,IF1909,,,
20190813,IF1908,,,IF1909,,,
20190814,IF1908,,,IF1909,,,
20190815,IF1908,,,IF1909,,,
20190816,IF1908,,,IF1909,,,
20190819,IF1909,,,IF1910,,,1.0
20190820,IF1909,,,IF1910,,,1.0
20190821,IF1909,,,IF1910,,,
20190822,IF1909,,,IF1910,,,
20190823,IF1909,,,IF1910,,,
20190826,IF1909,,,IF1910,,,
20190827,IF1909,,,IF1910,,,
20190828,IF1909,,,IF1910,,,
20190829,IF1909,,,IF1910,,,
20190830,IF1909,,,IF1910,,,
20190902,IF1909,,,IF1910,,,
20190903,IF1909,,,IF1910,,,
20190904,IF1909,,,IF1910,,,
20190905,IF1909,,,IF1910,,,
20190906,IF1909,,,IF1910,,1,1.0
20190909,IF1909,,,IF1910,,1,1.0
20190910,IF1909,,,IF1910,,,
20190911,IF1909,,,IF1910,,,
20190912,IF1909,,,IF1910,,,
20190916,IF1909,,,IF1910,,,
20190917,IF1909,,,IF1910,,,
20190918,IF1909,,,IF1910,,,
20190919,IF1909,,,IF1910,,,
20190920,IF1909,,,IF1910,,,
20190923,IF1910,,,IF1911,,,
20190924,IF1910,,,IF1911,,,
20190925,IF1910,,,IF1911,,,
20190926,IF1910,,,IF1911,,,
20190927,IF1910,,,IF1911,,,
20190930,IF1910,,,IF1911,,,-1.0
20191008,IF1910,,,IF1911,,,-1.0
20191009,IF1910,,,IF1911,,,
20191010,IF1910,,,IF1911,,,
20191011,IF1910,,,IF1911,,,
20191014,IF1910,,,IF1911,,,
20191015,IF1910,,,IF1911,,,
20191016,IF1910,,,IF1911,,,
20191017,IF1910,,,IF1911,,,
20191018,IF1910,,,IF1911,,,
20191021,IF1911,,,IF1912,,,
20191022,IF1911,,,IF1912,,,
20191023,IF1911,,,IF1912,,,
20191024,IF1911,,,IF1912,,,
20191025,IF1911,,,IF1912,,,
20191028,IF1911,,,IF1912,,,
20191029,IF1911,,,IF1912,,,
20191030,IF1911,,,IF1912,,,
20191031,IF1911,,,IF1912,,,
20191101,IF1911,,,IF1912,,,
20191104,IF1911,,,IF1912,,,
20191105,IF1911,,,IF1912,,,
20191106,IF1911,,,IF1912,,,
20191107,IF1911,,,IF1912,,,
20191108,IF1911,,,IF1912,,,
20191111,IF1911,,,IF1912,,,
20191112,IF1911,,,IF1912,,,
20191113,IF1911,,,IF1912,,,
20191114,IF1911,,,IF1912,,,
20191115,IF1911,,,IF1912,,,-1.0
20191118,IF1912,,,IF2001,,,
20191119,IF1912,,,IF2001,,,
20191120,IF1912,,,IF2001,,,
20191121,IF1912,,,IF2001,,,
20191122,IF1912,,,IF2001,,,
20191125,IF1912,,,IF2001,,,
20191126,IF1912,,,IF2001,,,
20191127,IF1912,,,IF2001,,,
20191128,IF1912,,,IF2001,,,
20191129,IF1912,,,IF2001,,,
20191202,IF1912,,,IF2001,,,
20191203,IF1912,,,IF2001,,,
20191204,IF1912,,,IF2001,,,
20191205,IF1912,,,IF2001,,,
20191206,IF1912,,,IF2001,,,
20191209,IF1912,,,IF2001,,,
20191210,IF1912,,,IF2001,,,
20191211,IF1912,,,IF2001,,,
20191212,IF1912,,,IF2001,,,
20191213,IF1912,,,IF2001,,,
20191216,IF1912,,,IF2001,,,
20191217,IF1912,,,IF2001,,,
20191218,IF1912,,,IF2001,,,
20191219,IF1912,,,IF2001,,,
20191220,IF1912,,,IF2001,,,
20191223,IF2001,,,IF2002,,,
20191224,IF2001,,,IF2002,,,
20191225,IF2001,,,IF2002,,,
20191226,IF2001,,,IF2002,,,
20191227,IF2001,,,IF2002,,,
20191230,IF2001,,,IF2002,,,
20191231,IF2001,,,IF2002,,1,
20200102,IF2001,,,IF2002,,1,
20200103,IF2001,,,IF2002,,1,1.0
20200106,IF2001,,,IF2002,,,
20200107,IF2001,,,IF2002,,,
20200108,IF2001,,,IF2002,,,
20200109,IF2001,,,IF2002,,,
20200110,IF2001,,,IF2002,,,
20200113,IF2001,,,IF2002,,,
20200114,IF2001,,,IF2002,,,
20200115,IF2001,,,IF2002,,,
20200116,IF2001,,,IF2002,,,
20200117,IF2001,,,IF2002,,,
20200120,IF2002,,,IF2003,,,
20200121,IF2002,,,IF2003,,,
20200122,IF2002,,,IF2003,,,
20200123,IF2002,,,IF2003,-1,,
20200203,IF2002,,,IF2003,,,
20200204,IF2002,1,,IF2003,,,
20200205,IF2002,,,IF2003,,,-1.0
20200206,IF2002,,,IF2003,,,
20200207,IF2002,,,IF2003,,,
20200210,IF2002,,,IF2003,,,
20200211,IF2002,,,IF2003,,,
20200212,IF2002,,,IF2003,,,
20200213,IF2002,,,IF2003,,,
20200214,IF2002,,,IF2003,,,
20200217,IF2002,,,IF2003,,1,1.0
20200218,IF2002,,,IF2003,,1,1.0
20200219,IF2002,,,IF2003,,,
20200220,IF2002,,,IF2003,,1,1.0
20200221,IF2002,,,IF2003,,1,1.0
20200224,IF2003,,,IF2004,,,
20200225,IF2003,,,IF2004,,,
20200226,IF2003,,,IF2004,,,
20200227,IF2003,,,IF2004,,,
20200228,IF2003,,,IF2004,-1,,
20200302,IF2003,,,IF2004,,,
20200303,IF2003,,,IF2004,,,
20200304,IF2003,,,IF2004,,,
20200305,IF2003,,,IF2004,,,
20200306,IF2003,,,IF2004,,,
20200309,IF2003,,,IF2004,,,
20200310,IF2003,,,IF2004,,,
20200311,IF2003,,,IF2004,,,
20200312,IF2003,,,IF2004,,,
20200313,IF2003,1,,IF2004,1,,
20200316,IF2003,-1,,IF2004,-1,,-1.0
20200317,IF2003,-1,,IF2004,,,-1.0
20200318,IF2003,,,IF2004,-1,,-1.0
20200319,IF2003,,,IF2004,,,-1.0
20200320,IF2003,,,IF2004,,,-1.0
20200323,IF2004,,,IF2005,,,
20200324,IF2004,,,IF2005,,,
20200325,IF2004,,,IF2005,,,
20200326,IF2004,,,IF2005,,,
20200327,IF2004,,,IF2005,,,
20200330,IF2004,,,IF2005,,,
20200331,IF2004,,,IF2005,,,
20200401,IF2004,,,IF2005,,,
20200402,IF2004,,,IF2005,,,
20200403,IF2004,,,IF2005,,,
20200407,IF2004,,,IF2005,,,
20200408,IF2004,,,IF2005,,,
20200409,IF2004,,,IF2005,,,
20200410,IF2004,,,IF2005,,,
20200413,IF2004,,,IF2005,,,
20200414,IF2004,,,IF2005,,,
20200415,IF2004,,,IF2005,,,
20200416,IF2004,,,IF2005,,,
20200417,IF2004,,,IF2005,,,
20200420,IF2005,,,IF2006,,,
20200421,IF2005,,,IF2006,,,
20200422,IF2005,,,IF2006,,,
20200423,IF2005,,,IF2006,,,
20200424,IF2005,,,IF2006,,,
20200427,IF2005,,,IF2006,,,
20200428,IF2005,,,IF2006,,,
20200429,IF2005,,,IF2006,,,
20200430,IF2005,,,IF2006,,,
20200506,IF2005,,,IF2006,,,
20200507,IF2005,,,IF2006,,,
20200508,IF2005,,,IF2006,,1,1.0
20200511,IF2005,,,IF2006,,,
20200512,IF2005,,,IF2006,,,
20200513,IF2005,,,IF2006,,,
20200514,IF2005,,,IF2006,,,
20200515,IF2005,,,IF2006,,,
20200518,IF2006,,,IF2007,,,
20200519,IF2006,,,IF2007,,,
20200520,IF2006,,,IF2007,,,
20200521,IF2006,,,IF2007,,,
20200522,IF2006,,,IF2007,,,
20200525,IF2006,,,IF2007,,,
20200526,IF2006,,,IF2007,,,
20200527,IF2006,,,IF2007,,,
20200528,IF2006,,,IF2007,,,
20200529,IF2006,,,IF2007,,,
20200601,IF2006,,,IF2007,,,
20200602,IF2006,,,IF2007,,,
20200603,IF2006,,,IF2007,,,
20200604,IF2006,,,IF2007,,,
20200605,IF2006,,,IF2007,,,
20200608,IF2006,,,IF2007,,,
20200609,IF2006,,,IF2007,,,
20200610,IF2006,,,IF2007,,,
20200611,IF2006,,,IF2007,,,
20200612,IF2006,,,IF2007,,,
20200615,IF2006,,,IF2007,,,
20200616,IF2006,,,IF2007,,,
20200617,IF2006,,,IF2007,,,
20200618,IF2006,,,IF2007,,,
20200619,IF2006,,,IF2007,,,
20200622,IF2007,,,IF2008,,,
20200623,IF2007,,,IF2008,,,1.0
20200624,IF2007,,,IF2008,,,1.0
20200629,IF2007,,,IF2008,,,
20200630,IF2007,,,IF2008,,,
20200701,IF2007,,,IF2008,,,1.0
20200702,IF2007,,,IF2008,1,,1.0
20200703,IF2007,,,IF2008,,,1.0
20200706,IF2007,1,,IF2008,1,,1.0
20200707,IF2007,,,IF2008,,1,1.0
20200708,IF2007,,,IF2008,,1,1.0
20200709,IF2007,,,IF2008,,1,1.0
20200710,IF2007,,,IF2008,,,
20200713,IF2007,,,IF2008,,,
20200714,IF2007,,,IF2008,,,
20200715,IF2007,,,IF2008,,,
20200716,IF2007,-1,,IF2008,-1,,
20200717,IF2007,,,IF2008,,,
