	年化收益	年化波动	收益波动比	最大回撤	总费率	总交易天数	总换仓次数
300ETF_maL_10_OnlyLong_Jump_longBars2	0.217465533	0.108047168	2.012690731	0.06549085	0.525548459	489	396
500ETF_maL_10_OnlyLong_Jump_longBars2	0.261311845	0.117543381	2.223109816	0.055505132	0.465199017	490	417
50ETF_maL_10_OnlyLong_Jump_longBars2	0.19928035	0.101000236	1.973068174	0.04491348	0.567600562	490	415
5GETF_maL_10_OnlyLong_Jump_longBars2	0.897201487	0.171030362	5.245860889	0.038786922	0.254055935	198	169
H股ETF_maL_10_OnlyLong_Jump_longBars2	0.055374285	0.077672613	0.712919047	0.060995949	0.778381857	489	332
TMTETF_maL_10_OnlyLong_Jump_longBars2	0.44512696	0.127086721	3.502545008	0.103395593	0.276460011	490	296
XFETF_maL_10_OnlyLong_Jump_longBars2	0.495998109	0.108081846	4.589097322	0.033437543	0.332867768	489	402
军工ETF_maL_10_OnlyLong_Jump_longBars2	0.264921844	0.154732651	1.712126315	0.082158829	0.44810049	490	361
军工龙头ETF_maL_10_OnlyLong_Jump_longBars2	0.505781772	0.1645301	3.074098724	0.051638472	0.346515225	231	195
创业50_maL_10_OnlyLong_Jump_longBars2	0.428449662	0.137399377	3.11827951	0.068371371	0.307659848	490	336
创业板_maL_10_OnlyLong_Jump_longBars2	0.375779677	0.128206499	2.931050146	0.062493688	0.371024726	490	385
券商ETF_maL_10_OnlyLong_Jump_longBars2	0.485552447	0.163136162	2.97636306	0.06059115	0.287270264	490	315
新能源车ETF_maL_10_OnlyLong_Jump_longBars2	0.284203852	0.144636857	1.964947646	0.043055357	0.46629957	106	88
有色金属ETF_maL_10_OnlyLong_Jump_longBars2	0.325036523	0.091926114	3.535845365	0.035228761	0.344105307	490	354
芯片ETF_maL_10_OnlyLong_Jump_longBars2	1.371368045	0.244260503	5.614366739	0.07852709	0.201621292	123	102
证券ETF_maL_10_OnlyLong_Jump_longBars2	0.355004409	0.174699176	2.032089778	0.107849049	0.380917763	488	327
银行ETF_maL_10_OnlyLong_Jump_longBars2	0.255826418	0.087311076	2.930056874	0.044167778	0.416610583	489	310
黄金ETF_maL_10_OnlyLong_Jump_longBars2	0.046317138	0.040702973	1.137930097	0.021187387	0.826332608	491	311
300ETF_maL_10_BiDirection_Jump_longBars2	0.31894051	0.11130012	2.865589983	0.045100608	0.451725047	491	492
500ETF_maL_10_BiDirection_Jump_longBars2	0.251434224	0.13590414	1.850085095	0.063935998	0.500688969	491	492
50ETF_maL_10_BiDirection_Jump_longBars2	0.28703159	0.105000166	2.733629879	0.046498647	0.491215026	491	492
5GETF_maL_10_BiDirection_Jump_longBars2	0.548510943	0.23303699	2.353750545	0.161326351	0.386049769	200	201
H股ETF_maL_10_BiDirection_Jump_longBars2	0.24423003	0.077700051	3.143241571	0.025991281	0.504281748	491	482
TMTETF_maL_10_BiDirection_Jump_longBars2	0.485058097	0.149099054	3.253260737	0.097644209	0.31821059	490	412
XFETF_maL_10_BiDirection_Jump_longBars2	0.341028412	0.135723723	2.512666207	0.060464484	0.471612015	491	492
军工ETF_maL_10_BiDirection_Jump_longBars2	0.310862515	0.160411183	1.937910497	0.054718714	0.450813792	491	485
军工龙头ETF_maL_10_BiDirection_Jump_longBars2	0.723035484	0.169140156	4.274771299	0.043855009	0.305010569	231	231
创业50_maL_10_BiDirection_Jump_longBars2	0.474223684	0.154405031	3.071296832	0.073972603	0.340483024	491	481
创业板_maL_10_BiDirection_Jump_longBars2	0.498414235	0.135099784	3.689230428	0.047806945	0.335552837	491	492
券商ETF_maL_10_BiDirection_Jump_longBars2	0.468217571	0.169065926	2.769437831	0.066330878	0.373474377	491	487
新能源车ETF_maL_10_BiDirection_Jump_longBars2	0.978914208	0.184503222	5.305675398	0.034805019	0.258979156	107	108
有色金属ETF_maL_10_BiDirection_Jump_longBars2	0.345658291	0.09986244	3.461344338	0.038980207	0.386503655	491	489
芯片ETF_maL_10_BiDirection_Jump_longBars2	0.965591364	0.294664589	3.276916874	0.103559094	0.289658163	124	125
证券ETF_maL_10_BiDirection_Jump_longBars2	0.394574918	0.172895798	2.28215447	0.071128875	0.42298931	491	489
银行ETF_maL_10_BiDirection_Jump_longBars2	0.262784273	0.093532609	2.809547132	0.037434952	0.501810326	491	483
黄金ETF_maL_10_BiDirection_Jump_longBars2	0.116049135	0.048134431	2.410938123	0.029128151	0.729239282	491	465
300ETF_maL_20_OnlyLong_Jump_longBars2	0.165690975	0.112063557	1.478544661	0.095895542	0.585808632	487	375
500ETF_maL_20_OnlyLong_Jump_longBars2	0.268878216	0.104107481	2.582698316	0.057471371	0.435080127	489	378
50ETF_maL_20_OnlyLong_Jump_longBars2	0.191643758	0.099309974	1.929753386	0.061835862	0.545914294	487	364
5GETF_maL_20_OnlyLong_Jump_longBars2	0.700170266	0.16950151	4.130761231	0.044071829	0.274978198	199	150
H股ETF_maL_20_OnlyLong_Jump_longBars2	0.071209698	0.073261972	0.971987185	0.052341097	0.723235175	489	320
TMTETF_maL_20_OnlyLong_Jump_longBars2	0.437431266	0.117103183	3.735434467	0.085335693	0.258213629	490	264
XFETF_maL_20_OnlyLong_Jump_longBars2	0.460879048	0.106597845	4.323530617	0.04428738	0.335223141	489	370
军工ETF_maL_20_OnlyLong_Jump_longBars2	0.276256274	0.150689886	1.833276812	0.069902489	0.424957074	487	336
军工龙头ETF_maL_20_OnlyLong_Jump_longBars2	0.551637218	0.163461035	3.374732207	0.054646946	0.307482239	231	179
创业50_maL_20_OnlyLong_Jump_longBars2	0.476263451	0.130295156	3.655265986	0.050628146	0.275455639	489	321
创业板_maL_20_OnlyLong_Jump_longBars2	0.436986661	0.128467527	3.401533986	0.065460614	0.328057694	487	359
券商ETF_maL_20_OnlyLong_Jump_longBars2	0.474636462	0.155227614	3.057680577	0.061115969	0.286850867	488	301
新能源车ETF_maL_20_OnlyLong_Jump_longBars2	0.277971339	0.136126658	2.042005172	0.04154024	0.429141956	106	74
有色金属ETF_maL_20_OnlyLong_Jump_longBars2	0.339546287	0.088951846	3.817192126	0.038976783	0.313381507	489	322
芯片ETF_maL_20_OnlyLong_Jump_longBars2	1.198183118	0.233380822	5.134025612	0.056789578	0.20830822	123	95
证券ETF_maL_20_OnlyLong_Jump_longBars2	0.354275668	0.170823616	2.07392676	0.148178138	0.359582429	488	298
银行ETF_maL_20_OnlyLong_Jump_longBars2	0.222487095	0.086720419	2.565567585	0.033065781	0.450296261	489	306
黄金ETF_maL_20_OnlyLong_Jump_longBars2	0.033851397	0.043815001	0.772598342	0.024104874	0.864650332	491	305
300ETF_maL_20_BiDirection_Jump_longBars2	0.282417397	0.115714459	2.440640526	0.068683808	0.489115664	491	492
500ETF_maL_20_BiDirection_Jump_longBars2	0.265697211	0.129597285	2.050175745	0.102914764	0.485564687	491	490
50ETF_maL_20_BiDirection_Jump_longBars2	0.284050182	0.108990903	2.606182487	0.047221719	0.496926008	491	491
5GETF_maL_20_BiDirection_Jump_longBars2	0.613112032	0.235968558	2.598278509	0.110998295	0.358900923	200	199
H股ETF_maL_20_BiDirection_Jump_longBars2	0.239356756	0.077545574	3.086659146	0.027613851	0.51351963	491	485
TMTETF_maL_20_BiDirection_Jump_longBars2	0.524435578	0.144312924	3.634016711	0.061800661	0.293539263	490	403
XFETF_maL_20_BiDirection_Jump_longBars2	0.407567859	0.129257507	3.15314653	0.066786105	0.420271497	491	490
军工ETF_maL_20_BiDirection_Jump_longBars2	0.311467671	0.156378652	1.99175314	0.076239874	0.451651928	491	485
军工龙头ETF_maL_20_BiDirection_Jump_longBars2	0.6899845	0.182961571	3.771199032	0.048037761	0.314049771	231	230
创业50_maL_20_BiDirection_Jump_longBars2	0.453692058	0.148315786	3.058960008	0.072418211	0.354702473	491	487
创业板_maL_20_BiDirection_Jump_longBars2	0.460016272	0.14431071	3.187679365	0.05072985	0.357879519	491	492
券商ETF_maL_20_BiDirection_Jump_longBars2	0.450072844	0.164554848	2.7350932	0.085988231	0.38651959	491	487
新能源车ETF_maL_20_BiDirection_Jump_longBars2	0.863917132	0.191099577	4.520769459	0.046870657	0.275925694	107	106
有色金属ETF_maL_20_BiDirection_Jump_longBars2	0.339901756	0.102600994	3.312850511	0.056905586	0.393185141	491	488
芯片ETF_maL_20_BiDirection_Jump_longBars2	1.171465642	0.269296886	4.350089814	0.06497342	0.258617309	124	125
证券ETF_maL_20_BiDirection_Jump_longBars2	0.421550205	0.164900161	2.556396568	0.073049399	0.404472357	491	487
银行ETF_maL_20_BiDirection_Jump_longBars2	0.289605141	0.092186615	3.14150965	0.05002352	0.476953768	491	483
黄金ETF_maL_20_BiDirection_Jump_longBars2	0.092474078	0.047425203	1.94989312	0.030632772	0.77215843	491	461
300ETF_maL_30_OnlyLong_Jump_longBars2	0.203490465	0.105121605	1.935762538	0.069738466	0.504139885	487	336
500ETF_maL_30_OnlyLong_Jump_longBars2	0.286356191	0.099876256	2.867109795	0.046628414	0.404811174	489	358
50ETF_maL_30_OnlyLong_Jump_longBars2	0.202390708	0.09488123	2.133095326	0.056597609	0.511707049	487	337
5GETF_maL_30_OnlyLong_Jump_longBars2	0.45010118	0.18114493	2.484757261	0.098592548	0.360161674	198	144
H股ETF_maL_30_OnlyLong_Jump_longBars2	0.090676519	0.070817244	1.28042994	0.052345261	0.648012756	489	290
TMTETF_maL_30_OnlyLong_Jump_longBars2	0.44202029	0.114494602	3.860621214	0.083878201	0.24767168	490	252
XFETF_maL_30_OnlyLong_Jump_longBars2	0.477452798	0.103654262	4.606205169	0.035866758	0.309557083	489	343
军工ETF_maL_30_OnlyLong_Jump_longBars2	0.282601443	0.151635176	1.863693177	0.073938104	0.404017606	487	315
军工龙头ETF_maL_30_OnlyLong_Jump_longBars2	0.504585698	0.163067991	3.094327069	0.041528722	0.308168241	230	167
创业50_maL_30_OnlyLong_Jump_longBars2	0.46577822	0.125601952	3.708367678	0.038650516	0.267985528	489	300
创业板_maL_30_OnlyLong_Jump_longBars2	0.426801694	0.124321253	3.433054961	0.07517157	0.318237846	487	341
券商ETF_maL_30_OnlyLong_Jump_longBars2	0.465454562	0.153771066	3.026932004	0.061509028	0.272653966	489	277
新能源车ETF_maL_30_OnlyLong_Jump_longBars2	0.210545776	0.135840021	1.549953943	0.043103448	0.492822337	106	73
有色金属ETF_maL_30_OnlyLong_Jump_longBars2	0.359310627	0.086511165	4.15334401	0.04446618	0.283768904	489	298
芯片ETF_maL_30_OnlyLong_Jump_longBars2	1.022945223	0.238941392	4.281155366	0.061165331	0.221590796	123	90
证券ETF_maL_30_OnlyLong_Jump_longBars2	0.435458792	0.155360495	2.802892674	0.047412912	0.283469853	489	271
银行ETF_maL_30_OnlyLong_Jump_longBars2	0.235414963	0.086262156	2.729064211	0.03925205	0.419440261	489	288
黄金ETF_maL_30_OnlyLong_Jump_longBars2	0.053231258	0.038799796	1.371946847	0.022756184	0.788236984	491	284
300ETF_maL_30_BiDirection_Jump_longBars2	0.303882894	0.113695094	2.672788094	0.054421082	0.468552276	491	489
500ETF_maL_30_BiDirection_Jump_longBars2	0.328833271	0.123786174	2.656462035	0.06472409	0.428327026	491	490
50ETF_maL_30_BiDirection_Jump_longBars2	0.285320573	0.108366745	2.632916326	0.059173988	0.495430033	491	487
5GETF_maL_30_BiDirection_Jump_longBars2	0.286402366	0.270327606	1.059463997	0.193534248	0.540451086	200	199
H股ETF_maL_30_BiDirection_Jump_longBars2	0.241138618	0.076989954	3.132079009	0.032952548	0.506427127	491	476
TMTETF_maL_30_BiDirection_Jump_longBars2	0.553065489	0.134540471	4.110774147	0.074103335	0.27696295	490	395
XFETF_maL_30_BiDirection_Jump_longBars2	0.401357982	0.130364087	3.078746541	0.050758593	0.426388634	491	486
军工ETF_maL_30_BiDirection_Jump_longBars2	0.3138316	0.15390948	2.039066081	0.083053839	0.448570613	491	479
军工龙头ETF_maL_30_BiDirection_Jump_longBars2	0.633980637	0.1809845	3.502955435	0.064831913	0.327581079	230	230
创业50_maL_30_BiDirection_Jump_longBars2	0.410336124	0.155855627	2.632796335	0.085824082	0.38472984	491	486
创业板_maL_30_BiDirection_Jump_longBars2	0.551594704	0.136789625	4.032430842	0.054963617	0.311234867	491	490
券商ETF_maL_30_BiDirection_Jump_longBars2	0.40387604	0.157033319	2.571913037	0.09411807	0.417199685	491	485
新能源车ETF_maL_30_BiDirection_Jump_longBars2	0.780491982	0.204111858	3.823844383	0.047636083	0.305527901	107	107
有色金属ETF_maL_30_BiDirection_Jump_longBars2	0.347029997	0.103960128	3.338106682	0.054703878	0.385504513	491	484
芯片ETF_maL_30_BiDirection_Jump_longBars2	1.102238477	0.28531022	3.863298268	0.088619299	0.273685446	124	125
证券ETF_maL_30_BiDirection_Jump_longBars2	0.416956448	0.165961159	2.512373676	0.09210005	0.407710341	491	484
银行ETF_maL_30_BiDirection_Jump_longBars2	0.266209099	0.095258734	2.79458995	0.040376523	0.499565239	491	477
黄金ETF_maL_30_BiDirection_Jump_longBars2	0.143154362	0.043982638	3.254792502	0.019337017	0.673546311	491	446
300ETF_maL_10_OnlyLong_Jump_longBars3	0.198779157	0.10582518	1.878372971	0.060637414	0.522449428	487	353
500ETF_maL_10_OnlyLong_Jump_longBars3	0.305581725	0.099453331	3.072614292	0.04069556	0.389799213	490	363
50ETF_maL_10_OnlyLong_Jump_longBars3	0.16482822	0.097689436	1.687267592	0.06112732	0.59533118	490	377
5GETF_maL_10_OnlyLong_Jump_longBars3	0.697111943	0.166316974	4.191465999	0.037592712	0.2649528	198	140
H股ETF_maL_10_OnlyLong_Jump_longBars3	0.074268966	0.06647532	1.117241204	0.033873601	0.680156139	489	272
TMTETF_maL_10_OnlyLong_Jump_longBars3	0.445587416	0.11653424	3.823660903	0.076255432	0.265960067	485	274
XFETF_maL_10_OnlyLong_Jump_longBars3	0.46592128	0.10259934	4.541172302	0.030573643	0.321472917	489	352
军工ETF_maL_10_OnlyLong_Jump_longBars3	0.328493592	0.132391236	2.481233672	0.066464086	0.341645547	490	293
军工龙头ETF_maL_10_OnlyLong_Jump_longBars3	0.392836521	0.164433723	2.389026488	0.051833096	0.366511834	230	169
创业50_maL_10_OnlyLong_Jump_longBars3	0.41617263	0.126566361	3.288177245	0.068424189	0.283066519	490	284
创业板_maL_10_OnlyLong_Jump_longBars3	0.405542853	0.11567167	3.505982517	0.052897562	0.324760563	490	341
券商ETF_maL_10_OnlyLong_Jump_longBars3	0.364169071	0.166757202	2.183828152	0.106085362	0.317984177	490	260
新能源车ETF_maL_10_OnlyLong_Jump_longBars3	0.257718685	0.131304992	1.96274857	0.061971629	0.447869791	106	74
有色金属ETF_maL_10_OnlyLong_Jump_longBars3	0.27936277	0.09018348	3.097715565	0.044698329	0.341040875	490	293
芯片ETF_maL_10_OnlyLong_Jump_longBars3	1.123404103	0.230506933	4.873623922	0.080554769	0.204976117	123	87
证券ETF_maL_10_OnlyLong_Jump_longBars3	0.353434791	0.160617534	2.200474523	0.118831161	0.333101599	488	264
银行ETF_maL_10_OnlyLong_Jump_longBars3	0.208196197	0.083215456	2.501893358	0.043428243	0.428987764	488	260
黄金ETF_maL_10_OnlyLong_Jump_longBars3	0.032805607	0.038572981	0.850481512	0.0236039	0.849672645	491	259
300ETF_maL_10_BiDirection_Jump_longBars3	0.281968743	0.114056879	2.472176552	0.055980243	0.486521675	491	492
500ETF_maL_10_BiDirection_Jump_longBars3	0.257516725	0.131016402	1.965530428	0.07124063	0.494039579	491	492
50ETF_maL_10_BiDirection_Jump_longBars3	0.275243329	0.102470309	2.686078843	0.050284793	0.50304731	491	492
5GETF_maL_10_BiDirection_Jump_longBars3	0.360054016	0.244220316	1.474300013	0.166690201	0.484884741	200	200
H股ETF_maL_10_BiDirection_Jump_longBars3	0.251677098	0.073342273	3.431542125	0.025022004	0.493839195	491	478
TMTETF_maL_10_BiDirection_Jump_longBars3	0.488479139	0.146256841	3.339872079	0.096823634	0.316840511	490	411
XFETF_maL_10_BiDirection_Jump_longBars3	0.314063157	0.137002822	2.292384584	0.065662885	0.493690692	491	490
军工ETF_maL_10_BiDirection_Jump_longBars3	0.381062014	0.144778433	2.632035774	0.053561568	0.388854365	491	475
军工龙头ETF_maL_10_BiDirection_Jump_longBars3	0.602652019	0.173720313	3.469093557	0.039869518	0.338778046	230	230
创业50_maL_10_BiDirection_Jump_longBars3	0.44085348	0.151040728	2.918772205	0.07951599	0.358649054	491	477
创业板_maL_10_BiDirection_Jump_longBars3	0.493833023	0.134961277	3.659071961	0.052432747	0.338060728	491	492
券商ETF_maL_10_BiDirection_Jump_longBars3	0.350067034	0.179168654	1.953840846	0.102252604	0.454142965	491	483
新能源车ETF_maL_10_BiDirection_Jump_longBars3	1.044573956	0.178730149	5.844419423	0.046665963	0.247047791	107	107
有色金属ETF_maL_10_BiDirection_Jump_longBars3	0.300693364	0.103782232	2.89734916	0.043235098	0.423433238	491	486
芯片ETF_maL_10_BiDirection_Jump_longBars3	1.025297383	0.274544003	3.734546644	0.061650073	0.279164597	124	125
证券ETF_maL_10_BiDirection_Jump_longBars3	0.27806034	0.184546075	1.506725835	0.119602296	0.521773742	491	487
银行ETF_maL_10_BiDirection_Jump_longBars3	0.244335488	0.093559133	2.611562134	0.03564364	0.519502602	491	478
黄金ETF_maL_10_BiDirection_Jump_longBars3	0.107923572	0.047582768	2.268123	0.029256154	0.741411663	491	458
300ETF_maL_20_OnlyLong_Jump_longBars3	0.198313419	0.104103382	1.904966159	0.058066541	0.507171789	487	331
500ETF_maL_20_OnlyLong_Jump_longBars3	0.2706011	0.097400634	2.778227303	0.06000186	0.410289985	489	344
50ETF_maL_20_OnlyLong_Jump_longBars3	0.211203536	0.092612274	2.280513456	0.048224504	0.492725683	487	326
5GETF_maL_20_OnlyLong_Jump_longBars3	0.461999691	0.170768847	2.705409679	0.06132875	0.342984703	198	137
H股ETF_maL_20_OnlyLong_Jump_longBars3	0.074184107	0.069667296	1.064834021	0.047378433	0.690515009	489	285
TMTETF_maL_20_OnlyLong_Jump_longBars3	0.428355793	0.106829077	4.009730359	0.069476418	0.258680652	485	252
XFETF_maL_20_OnlyLong_Jump_longBars3	0.434349134	0.103949703	4.178454793	0.042275924	0.32891893	489	335
军工ETF_maL_20_OnlyLong_Jump_longBars3	0.267292175	0.137791241	1.939834297	0.074216173	0.396394898	487	287
军工龙头ETF_maL_20_OnlyLong_Jump_longBars3	0.428881921	0.161586722	2.654190377	0.052523524	0.332824916	230	160
创业50_maL_20_OnlyLong_Jump_longBars3	0.408782479	0.12774531	3.199980332	0.054657022	0.293980325	487	288
创业板_maL_20_OnlyLong_Jump_longBars3	0.409694808	0.119192035	3.437266645	0.06065956	0.322270461	487	329
券商ETF_maL_20_OnlyLong_Jump_longBars3	0.376703102	0.156532754	2.4065449	0.100565737	0.315721863	487	265
新能源车ETF_maL_20_OnlyLong_Jump_longBars3	0.283267878	0.123252627	2.298270515	0.035689332	0.39557249	106	65
有色金属ETF_maL_20_OnlyLong_Jump_longBars3	0.312542955	0.087235984	3.582729759	0.046333634	0.30606545	489	283
芯片ETF_maL_20_OnlyLong_Jump_longBars3	0.96557816	0.227994347	4.235096938	0.057462032	0.227838364	123	88
证券ETF_maL_20_OnlyLong_Jump_longBars3	0.282605319	0.165304246	1.709607138	0.128349859	0.397655642	488	270
银行ETF_maL_20_OnlyLong_Jump_longBars3	0.187153875	0.085313445	2.193720742	0.035712863	0.459053805	489	262
黄金ETF_maL_20_OnlyLong_Jump_longBars3	0.051491448	0.039614439	1.299815152	0.022838499	0.786827583	491	271
300ETF_maL_20_BiDirection_Jump_longBars3	0.282454404	0.114835734	2.459638593	0.057830636	0.488650754	491	491
500ETF_maL_20_BiDirection_Jump_longBars3	0.282184826	0.125768601	2.243682637	0.103248556	0.468695168	491	490
50ETF_maL_20_BiDirection_Jump_longBars3	0.316808984	0.10210222	3.102860889	0.041642133	0.466057266	491	491
5GETF_maL_20_BiDirection_Jump_longBars3	0.414127551	0.246643028	1.679056382	0.115133076	0.44991232	200	199
H股ETF_maL_20_BiDirection_Jump_longBars3	0.235676298	0.07621351	3.092316544	0.030731441	0.515780387	491	481
TMTETF_maL_20_BiDirection_Jump_longBars3	0.53330111	0.140940108	3.783884634	0.061654738	0.288261817	490	402
XFETF_maL_20_BiDirection_Jump_longBars3	0.390690176	0.129097271	3.026324047	0.070242853	0.431786973	491	489
军工ETF_maL_20_BiDirection_Jump_longBars3	0.336960781	0.144961384	2.324486498	0.070814555	0.425358517	491	477
军工龙头ETF_maL_20_BiDirection_Jump_longBars3	0.599972577	0.184438575	3.252966876	0.048967389	0.338858788	230	229
创业50_maL_20_BiDirection_Jump_longBars3	0.40972214	0.149084793	2.748249045	0.080153008	0.381053479	491	483
创业板_maL_20_BiDirection_Jump_longBars3	0.46051215	0.141447357	3.255714068	0.052502433	0.357601644	491	492
券商ETF_maL_20_BiDirection_Jump_longBars3	0.370961826	0.162708155	2.279921537	0.112346008	0.440628338	491	485
新能源车ETF_maL_20_BiDirection_Jump_longBars3	0.924600942	0.182800029	5.057991231	0.042020949	0.261078424	107	104
有色金属ETF_maL_20_BiDirection_Jump_longBars3	0.321324404	0.10220145	3.144029795	0.060505763	0.406776835	491	484
芯片ETF_maL_20_BiDirection_Jump_longBars3	1.180543234	0.261749155	4.510208382	0.068437288	0.25736168	124	125
证券ETF_maL_20_BiDirection_Jump_longBars3	0.362462497	0.165868694	2.18523754	0.091995903	0.447143129	491	486
银行ETF_maL_20_BiDirection_Jump_longBars3	0.243664574	0.094999745	2.564897144	0.052953327	0.521726014	491	476
黄金ETF_maL_20_BiDirection_Jump_longBars3	0.111562188	0.045570555	2.448120017	0.022046079	0.730441915	491	449
300ETF_maL_30_OnlyLong_Jump_longBars3	0.219576569	0.099059966	2.216602495	0.050731678	0.458586167	487	304
500ETF_maL_30_OnlyLong_Jump_longBars3	0.285050786	0.095045633	2.999093991	0.0418943	0.383187639	489	325
50ETF_maL_30_OnlyLong_Jump_longBars3	0.206750311	0.091458281	2.260596963	0.061714869	0.472481263	487	294
5GETF_maL_30_OnlyLong_Jump_longBars3	0.281836299	0.177813634	1.585009502	0.088646053	0.452497772	198	134
H股ETF_maL_30_OnlyLong_Jump_longBars3	0.076021197	0.069503073	1.093781812	0.042327726	0.667587737	489	263
TMTETF_maL_30_OnlyLong_Jump_longBars3	0.449684666	0.102037131	4.407068893	0.056484733	0.235658863	485	235
XFETF_maL_30_OnlyLong_Jump_longBars3	0.429431261	0.101598982	4.226727981	0.033676213	0.315898736	489	312
军工ETF_maL_30_OnlyLong_Jump_longBars3	0.278483205	0.135670927	2.052637296	0.075812703	0.376164045	487	275
军工龙头ETF_maL_30_OnlyLong_Jump_longBars3	0.410005025	0.161036358	2.546040102	0.053584648	0.327259981	230	148
创业50_maL_30_OnlyLong_Jump_longBars3	0.436799452	0.122644378	3.561512219	0.05234587	0.262396099	487	268
创业板_maL_30_OnlyLong_Jump_longBars3	0.41269315	0.112447686	3.670090204	0.053929979	0.306468424	487	308
券商ETF_maL_30_OnlyLong_Jump_longBars3	0.413340995	0.151041173	2.736611384	0.080309616	0.273384677	489	242
新能源车ETF_maL_30_OnlyLong_Jump_longBars3	0.227246002	0.1262104	1.800533094	0.043369963	0.438764346	106	63
有色金属ETF_maL_30_OnlyLong_Jump_longBars3	0.339665658	0.085190823	3.987115576	0.044640055	0.268089601	489	258
芯片ETF_maL_30_OnlyLong_Jump_longBars3	0.759065534	0.233811378	3.24648672	0.082359734	0.251543877	123	82
证券ETF_maL_30_OnlyLong_Jump_longBars3	0.332066111	0.155683256	2.132959706	0.091506353	0.330645093	489	246
银行ETF_maL_30_OnlyLong_Jump_longBars3	0.199772256	0.084096704	2.375506373	0.043724821	0.432921206	489	254
黄金ETF_maL_30_OnlyLong_Jump_longBars3	0.050074888	0.037852424	1.322897793	0.02289208	0.776864208	491	250
300ETF_maL_30_BiDirection_Jump_longBars3	0.297116411	0.113588302	2.615730718	0.055890402	0.474392672	491	488
500ETF_maL_30_BiDirection_Jump_longBars3	0.327147844	0.121339195	2.69614318	0.065928823	0.429289355	491	489
50ETF_maL_30_BiDirection_Jump_longBars3	0.296153037	0.10496612	2.821415488	0.054083007	0.484278767	491	486
5GETF_maL_30_BiDirection_Jump_longBars3	0.155404486	0.277899649	0.559210803	0.200529613	0.682108415	200	199
H股ETF_maL_30_BiDirection_Jump_longBars3	0.234797505	0.076386614	3.07380433	0.033527308	0.511219349	491	471
TMTETF_maL_30_BiDirection_Jump_longBars3	0.546358172	0.132591434	4.120614394	0.069430703	0.278523437	490	393
XFETF_maL_30_BiDirection_Jump_longBars3	0.348135826	0.133344066	2.610808541	0.053536256	0.465262333	491	483
军工ETF_maL_30_BiDirection_Jump_longBars3	0.320757775	0.145202385	2.2090393	0.097568009	0.440960912	491	476
军工龙头ETF_maL_30_BiDirection_Jump_longBars3	0.574777824	0.183034647	3.140267883	0.067936593	0.347386878	230	228
创业50_maL_30_BiDirection_Jump_longBars3	0.394704237	0.153617218	2.569401028	0.086238335	0.391470154	491	478
创业板_maL_30_BiDirection_Jump_longBars3	0.551065312	0.130183737	4.232981203	0.056098903	0.31150398	491	490
券商ETF_maL_30_BiDirection_Jump_longBars3	0.3572032	0.157238057	2.271735023	0.11727201	0.451296024	491	483
新能源车ETF_maL_30_BiDirection_Jump_longBars3	0.890269499	0.19394832	4.590240834	0.041541178	0.27614954	107	104
有色金属ETF_maL_30_BiDirection_Jump_longBars3	0.323011397	0.10521897	3.069896959	0.059801992	0.403236598	491	480
芯片ETF_maL_30_BiDirection_Jump_longBars3	1.105180075	0.273876461	4.03532334	0.097979413	0.27325452	124	125
证券ETF_maL_30_BiDirection_Jump_longBars3	0.37113158	0.163904223	2.264319812	0.114283705	0.438972913	491	480
银行ETF_maL_30_BiDirection_Jump_longBars3	0.23110948	0.096140848	2.403863547	0.041406318	0.537856903	491	475
黄金ETF_maL_30_BiDirection_Jump_longBars3	0.144395283	0.04367943	3.305795933	0.019295302	0.666522863	491	436
300ETF_maL_10_OnlyLong_Jump_longBars4	0.197204737	0.101196867	1.94872374	0.068808824	0.490145726	487	307
500ETF_maL_10_OnlyLong_Jump_longBars4	0.267935353	0.09497281	2.82117959	0.060924446	0.398283937	490	324
50ETF_maL_10_OnlyLong_Jump_longBars4	0.193357434	0.090843807	2.128460268	0.051007015	0.512754261	490	321
5GETF_maL_10_OnlyLong_Jump_longBars4	0.614176258	0.157504629	3.899417187	0.039904728	0.2684203	198	126
H股ETF_maL_10_OnlyLong_Jump_longBars4	0.057158527	0.064676168	0.883764895	0.047406082	0.706794546	489	235
TMTETF_maL_10_OnlyLong_Jump_longBars4	0.446328953	0.111825683	3.991291986	0.066131458	0.248509552	485	251
XFETF_maL_10_OnlyLong_Jump_longBars4	0.342516431	0.10046085	3.409451853	0.041018008	0.378778953	489	316
军工ETF_maL_10_OnlyLong_Jump_longBars4	0.285793375	0.129430425	2.208084962	0.079884814	0.339448511	490	247
军工龙头ETF_maL_10_OnlyLong_Jump_longBars4	0.441409102	0.150424026	2.934432168	0.034109762	0.304726103	230	144
创业50_maL_10_OnlyLong_Jump_longBars4	0.373545147	0.121819343	3.066386165	0.069808208	0.285628312	490	252
创业板_maL_10_OnlyLong_Jump_longBars4	0.407678063	0.111249572	3.664536006	0.050382036	0.308385778	487	306
券商ETF_maL_10_OnlyLong_Jump_longBars4	0.380520787	0.155098997	2.453405858	0.10602514	0.25674458	490	203
新能源车ETF_maL_10_OnlyLong_Jump_longBars4	0.158975861	0.119727941	1.327809202	0.058121134	0.510005564	106	60
有色金属ETF_maL_10_OnlyLong_Jump_longBars4	0.236890856	0.082275615	2.879235317	0.038266816	0.338876459	490	241
芯片ETF_maL_10_OnlyLong_Jump_longBars4	0.749421702	0.235617042	3.180676978	0.086404483	0.25277742	123	81
证券ETF_maL_10_OnlyLong_Jump_longBars4	0.305764764	0.157524531	1.941061253	0.090238641	0.315277494	487	208
银行ETF_maL_10_OnlyLong_Jump_longBars4	0.153080206	0.079401319	1.927930277	0.047682024	0.456608839	487	211
黄金ETF_maL_10_OnlyLong_Jump_longBars4	0.040313433	0.034747554	1.160180456	0.017496429	0.791446482	487	212
300ETF_maL_10_BiDirection_Jump_longBars4	0.256104165	0.115401721	2.219240428	0.065508572	0.512395343	491	490
500ETF_maL_10_BiDirection_Jump_longBars4	0.22389018	0.131404275	1.70382721	0.076866865	0.532232513	491	491
50ETF_maL_10_BiDirection_Jump_longBars4	0.309683537	0.099371537	3.11642091	0.043489584	0.469745727	491	492
5GETF_maL_10_BiDirection_Jump_longBars4	0.403014098	0.235461897	1.711589444	0.107775458	0.456237588	200	199
H股ETF_maL_10_BiDirection_Jump_longBars4	0.262220998	0.073435378	3.570772076	0.029203024	0.479235893	491	472
TMTETF_maL_10_BiDirection_Jump_longBars4	0.49464863	0.142658417	3.467363794	0.087759815	0.31220121	490	408
XFETF_maL_10_BiDirection_Jump_longBars4	0.226328195	0.141490721	1.599597439	0.091044385	0.584738866	491	490
军工ETF_maL_10_BiDirection_Jump_longBars4	0.406147883	0.141082214	2.878802866	0.063376315	0.368335964	491	469
军工龙头ETF_maL_10_BiDirection_Jump_longBars4	0.707832059	0.162479613	4.356436147	0.034299908	0.301318765	230	227
创业50_maL_10_BiDirection_Jump_longBars4	0.398276431	0.152300728	2.615065832	0.081690448	0.384606185	491	473
创业板_maL_10_BiDirection_Jump_longBars4	0.477168721	0.134197961	3.555707668	0.05270326	0.347359647	491	492
券商ETF_maL_10_BiDirection_Jump_longBars4	0.35326227	0.175153199	2.016875927	0.083932784	0.451038	491	482
新能源车ETF_maL_10_BiDirection_Jump_longBars4	0.879079192	0.179298366	4.90288458	0.040415015	0.273128346	107	106
有色金属ETF_maL_10_BiDirection_Jump_longBars4	0.286432757	0.100317261	2.8552689	0.050808793	0.433349096	491	479
芯片ETF_maL_10_BiDirection_Jump_longBars4	0.797353473	0.280326923	2.844369945	0.080050756	0.32485013	124	125
证券ETF_maL_10_BiDirection_Jump_longBars4	0.299321203	0.178281371	1.678925851	0.084295404	0.498559676	491	482
银行ETF_maL_10_BiDirection_Jump_longBars4	0.247343107	0.090681968	2.727588637	0.034967961	0.510715212	491	468
黄金ETF_maL_10_BiDirection_Jump_longBars4	0.115900575	0.04975216	2.329558639	0.025940337	0.721148889	490	443
300ETF_maL_20_OnlyLong_Jump_longBars4	0.182666465	0.102332302	1.785032301	0.059331562	0.507215755	487	302
500ETF_maL_20_OnlyLong_Jump_longBars4	0.254772826	0.095293192	2.673567966	0.064720568	0.409570199	487	316
50ETF_maL_20_OnlyLong_Jump_longBars4	0.209297041	0.088589021	2.362561858	0.043238888	0.470348415	487	295
5GETF_maL_20_OnlyLong_Jump_longBars4	0.476424643	0.155981646	3.054363473	0.0646745	0.31389286	198	123
H股ETF_maL_20_OnlyLong_Jump_longBars4	0.06967671	0.066630084	1.045724494	0.044675387	0.678881851	489	253
TMTETF_maL_20_OnlyLong_Jump_longBars4	0.42888077	0.100791994	4.255107522	0.056017945	0.23812151	485	226
XFETF_maL_20_OnlyLong_Jump_longBars4	0.402040932	0.098325543	4.088875805	0.033829324	0.319937016	489	293
军工ETF_maL_20_OnlyLong_Jump_longBars4	0.318030881	0.124885099	2.546587887	0.056062538	0.320803395	487	251
军工龙头ETF_maL_20_OnlyLong_Jump_longBars4	0.460993281	0.146047481	3.156461712	0.055956158	0.286376269	230	138
创业50_maL_20_OnlyLong_Jump_longBars4	0.353552011	0.125222185	2.823397558	0.047201946	0.308692341	487	261
创业板_maL_20_OnlyLong_Jump_longBars4	0.403192276	0.112542646	3.582573292	0.035688334	0.30800828	487	301
券商ETF_maL_20_OnlyLong_Jump_longBars4	0.342774406	0.154302261	2.22144772	0.090582925	0.305797555	487	227
新能源车ETF_maL_20_OnlyLong_Jump_longBars4	0.229680405	0.117870243	1.948586838	0.039490721	0.407347555	106	56
有色金属ETF_maL_20_OnlyLong_Jump_longBars4	0.280451749	0.084272321	3.327922444	0.035900999	0.303167505	489	247
芯片ETF_maL_20_OnlyLong_Jump_longBars4	0.510652359	0.241638553	2.113290091	0.087849743	0.318662105	123	80
证券ETF_maL_20_OnlyLong_Jump_longBars4	0.322935264	0.153451005	2.104484511	0.083875083	0.32190862	487	229
银行ETF_maL_20_OnlyLong_Jump_longBars4	0.170544753	0.080893661	2.108258548	0.054595272	0.439165068	489	219
黄金ETF_maL_20_OnlyLong_Jump_longBars4	0.047902359	0.038319896	1.250064942	0.022986318	0.780614602	491	243
300ETF_maL_20_BiDirection_Jump_longBars4	0.27035205	0.11474414	2.356129476	0.064494176	0.500401936	491	490
500ETF_maL_20_BiDirection_Jump_longBars4	0.268216621	0.126269243	2.124164328	0.113994988	0.482450157	491	489
50ETF_maL_20_BiDirection_Jump_longBars4	0.32318706	0.10061771	3.212029569	0.038922051	0.460394328	491	491
5GETF_maL_20_BiDirection_Jump_longBars4	0.411273089	0.239208602	1.719307271	0.11245444	0.450398141	200	198
H股ETF_maL_20_BiDirection_Jump_longBars4	0.252256421	0.075150157	3.356698518	0.030018662	0.493290633	491	474
TMTETF_maL_20_BiDirection_Jump_longBars4	0.557320341	0.135628335	4.109173346	0.060922641	0.275249382	490	397
XFETF_maL_20_BiDirection_Jump_longBars4	0.369706072	0.127162931	2.907341533	0.06910727	0.445574604	491	485
军工ETF_maL_20_BiDirection_Jump_longBars4	0.404302267	0.136630975	2.959082069	0.059314537	0.372712155	491	473
军工龙头ETF_maL_20_BiDirection_Jump_longBars4	0.668565457	0.174019407	3.841901716	0.048588932	0.313348444	230	227
创业50_maL_20_BiDirection_Jump_longBars4	0.368925639	0.150751505	2.447243482	0.086161102	0.408412128	491	479
创业板_maL_20_BiDirection_Jump_longBars4	0.477644747	0.137224493	3.480754328	0.055754019	0.347651731	491	492
券商ETF_maL_20_BiDirection_Jump_longBars4	0.37418203	0.159528988	2.345542559	0.096922045	0.437137928	491	483
新能源车ETF_maL_20_BiDirection_Jump_longBars4	0.895291831	0.181913257	4.921531537	0.035482296	0.264479271	107	103
有色金属ETF_maL_20_BiDirection_Jump_longBars4	0.302850582	0.101406525	2.98649995	0.065686096	0.421222285	491	480
芯片ETF_maL_20_BiDirection_Jump_longBars4	0.951006858	0.269256779	3.531969967	0.082174394	0.293954606	124	125
证券ETF_maL_20_BiDirection_Jump_longBars4	0.379798199	0.159997309	2.373778659	0.082386335	0.431197534	491	481
银行ETF_maL_20_BiDirection_Jump_longBars4	0.246588296	0.092886198	2.65473558	0.054200053	0.514637013	491	469
黄金ETF_maL_20_BiDirection_Jump_longBars4	0.111076957	0.04690753	2.367998435	0.022058668	0.728446054	491	442
300ETF_maL_30_OnlyLong_Jump_longBars4	0.196706742	0.097874505	2.00978531	0.052812466	0.46591929	487	277
500ETF_maL_30_OnlyLong_Jump_longBars4	0.263936815	0.092325026	2.858778679	0.042590132	0.384290233	487	295
50ETF_maL_30_OnlyLong_Jump_longBars4	0.214155899	0.088022116	2.432978316	0.045689752	0.442760893	487	271
5GETF_maL_30_OnlyLong_Jump_longBars4	0.509489164	0.154778912	3.291722093	0.052114573	0.287427548	198	116
H股ETF_maL_30_OnlyLong_Jump_longBars4	0.064664649	0.067833709	0.953281941	0.043079852	0.687928299	489	244
TMTETF_maL_30_OnlyLong_Jump_longBars4	0.414939931	0.098339843	4.219448802	0.056484733	0.237650424	485	216
XFETF_maL_30_OnlyLong_Jump_longBars4	0.382540993	0.099139081	3.858629594	0.043383462	0.330896746	489	291
军工ETF_maL_30_OnlyLong_Jump_longBars4	0.320549559	0.124853885	2.567397548	0.058575829	0.318736928	487	250
军工龙头ETF_maL_30_OnlyLong_Jump_longBars4	0.415261331	0.151532588	2.740409418	0.061159665	0.302492388	230	134
创业50_maL_30_OnlyLong_Jump_longBars4	0.40206495	0.119648171	3.360393625	0.047121691	0.268661779	487	251
创业板_maL_30_OnlyLong_Jump_longBars4	0.404818975	0.107667649	3.75989425	0.047740745	0.295664268	487	287
券商ETF_maL_30_OnlyLong_Jump_longBars4	0.369504742	0.153568057	2.406130215	0.084825695	0.278877168	487	218
新能源车ETF_maL_30_OnlyLong_Jump_longBars4	0.13510107	0.131335367	1.028672421	0.041389225	0.546423749	103	55
有色金属ETF_maL_30_OnlyLong_Jump_longBars4	0.321863885	0.081998584	3.925237106	0.033438014	0.258252296	489	230
芯片ETF_maL_30_OnlyLong_Jump_longBars4	0.662790527	0.234029397	2.832082355	0.073288669	0.257871213	123	75
证券ETF_maL_30_OnlyLong_Jump_longBars4	0.269455416	0.159468779	1.689706398	0.076374478	0.357286252	487	219
银行ETF_maL_30_OnlyLong_Jump_longBars4	0.173485904	0.079172211	2.191247428	0.032140412	0.437578228	489	222
黄金ETF_maL_30_OnlyLong_Jump_longBars4	0.048002925	0.036687849	1.308414811	0.022974291	0.768280791	491	229
300ETF_maL_30_BiDirection_Jump_longBars4	0.287231128	0.112014672	2.564227722	0.053873875	0.483445938	491	487
500ETF_maL_30_BiDirection_Jump_longBars4	0.311966667	0.121308488	2.571680459	0.071681553	0.441201049	491	486
50ETF_maL_30_BiDirection_Jump_longBars4	0.303929199	0.102982236	2.951277914	0.051409353	0.475899518	491	484
5GETF_maL_30_BiDirection_Jump_longBars4	0.260536518	0.260851111	0.998793977	0.164632849	0.560961847	200	197
H股ETF_maL_30_BiDirection_Jump_longBars4	0.226500826	0.075146026	3.014142429	0.033049153	0.520144895	491	469
TMTETF_maL_30_BiDirection_Jump_longBars4	0.558417988	0.128975266	4.329651767	0.058484853	0.270686522	490	388
XFETF_maL_30_BiDirection_Jump_longBars4	0.318821682	0.131997642	2.415358919	0.055841734	0.489001852	491	480
军工ETF_maL_30_BiDirection_Jump_longBars4	0.359590952	0.137741336	2.610624842	0.082016454	0.406662657	491	472
军工龙头ETF_maL_30_BiDirection_Jump_longBars4	0.592318113	0.177830265	3.330805991	0.065535725	0.337616862	230	225
创业50_maL_30_BiDirection_Jump_longBars4	0.358054469	0.152891364	2.341888126	0.090490357	0.416946715	491	474
创业板_maL_30_BiDirection_Jump_longBars4	0.549274227	0.129003552	4.257822518	0.056279998	0.310872796	491	487
券商ETF_maL_30_BiDirection_Jump_longBars4	0.362228245	0.156575174	2.31344622	0.114789338	0.446933081	491	482
新能源车ETF_maL_30_BiDirection_Jump_longBars4	0.770634623	0.196501797	3.921768835	0.042619873	0.299400427	107	103
有色金属ETF_maL_30_BiDirection_Jump_longBars4	0.325917518	0.1040639	3.13189799	0.060879567	0.397348417	491	473
芯片ETF_maL_30_BiDirection_Jump_longBars4	0.947490575	0.280457091	3.378379814	0.087288383	0.300078759	124	125
证券ETF_maL_30_BiDirection_Jump_longBars4	0.326540576	0.16889123	1.933437141	0.122391952	0.473027463	491	475
银行ETF_maL_30_BiDirection_Jump_longBars4	0.232152982	0.094709453	2.451212365	0.04141588	0.533467322	491	469
黄金ETF_maL_30_BiDirection_Jump_longBars4	0.14929947	0.044795587	3.332905767	0.01912644	0.655213212	491	430
300ETF_maL_10_OnlyLong_Jump_longBars5	0.222340564	0.093563929	2.376349158	0.043819216	0.415440438	487	259
500ETF_maL_10_OnlyLong_Jump_longBars5	0.24667683	0.089692549	2.750248844	0.053505809	0.391044923	490	286
50ETF_maL_10_OnlyLong_Jump_longBars5	0.207363139	0.086742084	2.390571334	0.042504308	0.454641544	490	275
5GETF_maL_10_OnlyLong_Jump_longBars5	0.534822024	0.145343089	3.679721042	0.045389179	0.263656976	198	108
H股ETF_maL_10_OnlyLong_Jump_longBars5	0.037962484	0.061994592	0.612351532	0.064081852	0.760485061	487	205
TMTETF_maL_10_OnlyLong_Jump_longBars5	0.39857437	0.106835359	3.730734601	0.066131458	0.253961653	485	226
XFETF_maL_10_OnlyLong_Jump_longBars5	0.29384017	0.09929647	2.959220715	0.051303452	0.387756317	489	276
军工ETF_maL_10_OnlyLong_Jump_longBars5	0.275344243	0.125751585	2.189588648	0.086927695	0.310069229	490	207
军工龙头ETF_maL_10_OnlyLong_Jump_longBars5	0.382112736	0.149250231	2.560215372	0.04134981	0.300867196	230	122
创业50_maL_10_OnlyLong_Jump_longBars5	0.315007871	0.120253701	2.619527442	0.065683502	0.297955147	487	215
创业板_maL_10_OnlyLong_Jump_longBars5	0.331570313	0.109448739	3.029457582	0.048551594	0.32847719	487	264
券商ETF_maL_10_OnlyLong_Jump_longBars5	0.329820815	0.145563675	2.265818131	0.056994673	0.253419441	490	169
新能源车ETF_maL_10_OnlyLong_Jump_longBars5	0.058362055	0.11203492	0.520927354	0.05621758	0.701349898	103	47
有色金属ETF_maL_10_OnlyLong_Jump_longBars5	0.196733323	0.07708293	2.552229443	0.038916371	0.345590076	490	202
芯片ETF_maL_10_OnlyLong_Jump_longBars5	0.571369797	0.224938671	2.540113692	0.0850641	0.273385773	123	71
证券ETF_maL_10_OnlyLong_Jump_longBars5	0.271332604	0.152555854	1.778578777	0.058257558	0.30622405	487	174
银行ETF_maL_10_OnlyLong_Jump_longBars5	0.144192046	0.070987345	2.031235938	0.026665708	0.4076715	487	162
黄金ETF_maL_10_OnlyLong_Jump_longBars5	0.052324539	0.031623322	1.654618671	0.012574454	0.704874905	478	168
300ETF_maL_10_BiDirection_Jump_longBars5	0.25392682	0.11556543	2.197255873	0.051683391	0.514202948	491	489
500ETF_maL_10_BiDirection_Jump_longBars5	0.215951829	0.130694401	1.652341857	0.084261171	0.542137588	491	491
50ETF_maL_10_BiDirection_Jump_longBars5	0.29639017	0.098912778	2.996480077	0.042220991	0.481728076	491	491
5GETF_maL_10_BiDirection_Jump_longBars5	0.388958646	0.233587226	1.665153749	0.130838855	0.463289562	200	198
H股ETF_maL_10_BiDirection_Jump_longBars5	0.275029502	0.073132546	3.760699124	0.029826812	0.463336182	491	467
TMTETF_maL_10_BiDirection_Jump_longBars5	0.484975102	0.140810108	3.444178191	0.077475011	0.314994797	490	403
XFETF_maL_10_BiDirection_Jump_longBars5	0.184803884	0.14229609	1.29872777	0.094477725	0.637146153	491	489
军工ETF_maL_10_BiDirection_Jump_longBars5	0.399138135	0.142914935	2.792837127	0.064272038	0.37217187	491	467
军工龙头ETF_maL_10_BiDirection_Jump_longBars5	0.66194383	0.163179346	4.056541748	0.037219389	0.313744987	230	225
创业50_maL_10_BiDirection_Jump_longBars5	0.372003292	0.151869593	2.449491603	0.084074785	0.401627247	491	470
创业板_maL_10_BiDirection_Jump_longBars5	0.440237091	0.136030433	3.236313241	0.062815735	0.367628327	491	488
券商ETF_maL_10_BiDirection_Jump_longBars5	0.322843264	0.173483254	1.860947709	0.084221202	0.476280326	491	481
新能源车ETF_maL_10_BiDirection_Jump_longBars5	0.921755594	0.174061109	5.295586141	0.029568553	0.263344727	107	105
有色金属ETF_maL_10_BiDirection_Jump_longBars5	0.257464797	0.097672172	2.63600975	0.056379285	0.461887324	491	477
芯片ETF_maL_10_BiDirection_Jump_longBars5	0.561158621	0.29011176	1.934284298	0.11926658	0.396542881	124	125
证券ETF_maL_10_BiDirection_Jump_longBars5	0.216864075	0.187598354	1.156002015	0.119825588	0.586637633	491	480
银行ETF_maL_10_BiDirection_Jump_longBars5	0.231234748	0.088895244	2.601204937	0.03866962	0.525554296	491	461
黄金ETF_maL_10_BiDirection_Jump_longBars5	0.134326402	0.048505571	2.769298423	0.021339024	0.68411058	490	433
300ETF_maL_20_OnlyLong_Jump_longBars5	0.168192049	0.101747259	1.653037645	0.060080675	0.506730974	487	276
500ETF_maL_20_OnlyLong_Jump_longBars5	0.223707859	0.095008525	2.354608281	0.059785121	0.418790996	487	284
50ETF_maL_20_OnlyLong_Jump_longBars5	0.203250681	0.086141237	2.359505008	0.040195217	0.450442051	487	264
5GETF_maL_20_OnlyLong_Jump_longBars5	0.527949259	0.147528078	3.57863578	0.073775072	0.275428651	198	113
H股ETF_maL_20_OnlyLong_Jump_longBars5	0.062736757	0.063530915	0.987499655	0.038366753	0.681899273	487	232
TMTETF_maL_20_OnlyLong_Jump_longBars5	0.414799738	0.095980361	4.321714698	0.056017945	0.229739513	485	207
XFETF_maL_20_OnlyLong_Jump_longBars5	0.357022233	0.098092816	3.639636918	0.039774706	0.331997158	489	268
军工ETF_maL_20_OnlyLong_Jump_longBars5	0.311964487	0.120398704	2.59109506	0.052200106	0.298947558	487	222
军工龙头ETF_maL_20_OnlyLong_Jump_longBars5	0.399538897	0.145930023	2.737880041	0.052522008	0.299464698	230	127
创业50_maL_20_OnlyLong_Jump_longBars5	0.300848119	0.128680104	2.337953662	0.064646712	0.335966768	487	247
创业板_maL_20_OnlyLong_Jump_longBars5	0.350731411	0.113579406	3.087984198	0.06829103	0.327100054	487	280
券商ETF_maL_20_OnlyLong_Jump_longBars5	0.30390396	0.152827367	1.988544105	0.068163687	0.314240488	487	206
新能源车ETF_maL_20_OnlyLong_Jump_longBars5	0.158949255	0.121450719	1.308755157	0.039800242	0.493218323	103	52
有色金属ETF_maL_20_OnlyLong_Jump_longBars5	0.247725347	0.081294173	3.04727064	0.034898519	0.311482974	489	223
芯片ETF_maL_20_OnlyLong_Jump_longBars5	0.57283264	0.227721588	2.515495551	0.068244235	0.277458409	123	73
证券ETF_maL_20_OnlyLong_Jump_longBars5	0.312341982	0.147756585	2.113895509	0.057796831	0.307384332	487	206
银行ETF_maL_20_OnlyLong_Jump_longBars5	0.14377363	0.078308804	1.835982967	0.044100755	0.447993886	489	189
黄金ETF_maL_20_OnlyLong_Jump_longBars5	0.042873999	0.036879895	1.162530392	0.02320665	0.783834968	491	222
300ETF_maL_20_BiDirection_Jump_longBars5	0.261550152	0.115251482	2.269386457	0.067714514	0.509158055	491	489
500ETF_maL_20_BiDirection_Jump_longBars5	0.248647464	0.12746982	1.950637917	0.116815583	0.503612298	491	489
50ETF_maL_20_BiDirection_Jump_longBars5	0.313831819	0.100726776	3.115674227	0.034711327	0.468741756	491	491
5GETF_maL_20_BiDirection_Jump_longBars5	0.465290414	0.236766189	1.965189438	0.113732693	0.421032301	200	198
H股ETF_maL_20_BiDirection_Jump_longBars5	0.26409205	0.075294699	3.507445438	0.030757769	0.477850501	491	469
TMTETF_maL_20_BiDirection_Jump_longBars5	0.560111046	0.132986066	4.21180252	0.060922641	0.270659506	490	390
XFETF_maL_20_BiDirection_Jump_longBars5	0.334977523	0.128296163	2.6109707	0.06660813	0.471300548	491	480
军工ETF_maL_20_BiDirection_Jump_longBars5	0.410995	0.135409142	3.035208652	0.056247554	0.365807906	491	468
军工龙头ETF_maL_20_BiDirection_Jump_longBars5	0.63650045	0.17383285	3.661565983	0.039611768	0.323919238	230	227
创业50_maL_20_BiDirection_Jump_longBars5	0.317987727	0.15664502	2.029989378	0.096159183	0.448949371	491	477
创业板_maL_20_BiDirection_Jump_longBars5	0.437060766	0.139331008	3.136852109	0.055934807	0.372031161	491	492
券商ETF_maL_20_BiDirection_Jump_longBars5	0.382407316	0.159247027	2.401346652	0.090607857	0.430344713	491	482
新能源车ETF_maL_20_BiDirection_Jump_longBars5	0.900071371	0.180746775	4.979736808	0.035174134	0.263619538	107	103
有色金属ETF_maL_20_BiDirection_Jump_longBars5	0.290403165	0.099271228	2.92535079	0.067622706	0.431328453	491	477
芯片ETF_maL_20_BiDirection_Jump_longBars5	0.845383569	0.271961638	3.108466234	0.084951798	0.315496413	124	125
证券ETF_maL_20_BiDirection_Jump_longBars5	0.392928138	0.160238257	2.452149349	0.072652401	0.420564116	491	479
银行ETF_maL_20_BiDirection_Jump_longBars5	0.203177053	0.094080373	2.159611484	0.056417232	0.565573371	491	465
黄金ETF_maL_20_BiDirection_Jump_longBars5	0.110603351	0.047528618	2.327089573	0.020480855	0.727645575	491	438
300ETF_maL_30_OnlyLong_Jump_longBars5	0.197690857	0.095574389	2.068450122	0.046887603	0.447249329	487	259
500ETF_maL_30_OnlyLong_Jump_longBars5	0.216527065	0.093144444	2.324637464	0.04972803	0.424256704	487	280
50ETF_maL_30_OnlyLong_Jump_longBars5	0.229974876	0.085413789	2.692479508	0.044444028	0.405213998	487	252
5GETF_maL_30_OnlyLong_Jump_longBars5	0.520107384	0.14458961	3.597128351	0.054717913	0.268974744	198	108
H股ETF_maL_30_OnlyLong_Jump_longBars5	0.077375371	0.063017282	1.227843671	0.04471051	0.623150507	487	222
TMTETF_maL_30_OnlyLong_Jump_longBars5	0.392751338	0.096006424	4.090885999	0.056484733	0.237172154	485	202
XFETF_maL_30_OnlyLong_Jump_longBars5	0.349902167	0.098675685	3.545981648	0.049199825	0.337609525	489	270
军工ETF_maL_30_OnlyLong_Jump_longBars5	0.351593426	0.113622474	3.094400375	0.043977879	0.271191277	487	221
军工龙头ETF_maL_30_OnlyLong_Jump_longBars5	0.400695126	0.147081856	2.724300174	0.061730131	0.294650777	230	124
创业50_maL_30_OnlyLong_Jump_longBars5	0.335053409	0.122880839	2.726652999	0.058638761	0.304341891	487	241
创业板_maL_30_OnlyLong_Jump_longBars5	0.358405109	0.110009982	3.257932632	0.068365463	0.313572812	487	271
券商ETF_maL_30_OnlyLong_Jump_longBars5	0.356221418	0.151262823	2.354983278	0.061244993	0.26826048	487	198
新能源车ETF_maL_30_OnlyLong_Jump_longBars5	0.123284857	0.128977151	0.955865868	0.042372881	0.560263842	103	53
有色金属ETF_maL_30_OnlyLong_Jump_longBars5	0.287860046	0.081222735	3.544082161	0.034576169	0.268068695	489	213
芯片ETF_maL_30_OnlyLong_Jump_longBars5	0.672334641	0.22146997	3.035782415	0.062497645	0.237624902	123	68
证券ETF_maL_30_OnlyLong_Jump_longBars5	0.267451021	0.155156384	1.723751315	0.087980256	0.338293779	487	200
银行ETF_maL_30_OnlyLong_Jump_longBars5	0.178327626	0.074863547	2.38203551	0.028771093	0.392816352	489	190
黄金ETF_maL_30_OnlyLong_Jump_longBars5	0.045574003	0.035748032	1.274867487	0.023383441	0.765352011	491	214
300ETF_maL_30_BiDirection_Jump_longBars5	0.28215575	0.111627918	2.52764501	0.053378839	0.488472591	491	487
500ETF_maL_30_BiDirection_Jump_longBars5	0.286765711	0.122738641	2.336393078	0.073026438	0.464887067	491	486
50ETF_maL_30_BiDirection_Jump_longBars5	0.315083375	0.101479408	3.104899633	0.051383588	0.465115393	491	483
5GETF_maL_30_BiDirection_Jump_longBars5	0.261821126	0.256772931	1.019660153	0.166738469	0.559789921	200	197
H股ETF_maL_30_BiDirection_Jump_longBars5	0.250705609	0.073906374	3.392205521	0.030710474	0.489331174	491	464
TMTETF_maL_30_BiDirection_Jump_longBars5	0.54626115	0.128503135	4.250955824	0.051784326	0.27360583	490	383
XFETF_maL_30_BiDirection_Jump_longBars5	0.278656763	0.135223213	2.060716916	0.064507789	0.525735626	491	477
军工ETF_maL_30_BiDirection_Jump_longBars5	0.383153691	0.132860993	2.883868943	0.079283057	0.38657618	491	467
军工龙头ETF_maL_30_BiDirection_Jump_longBars5	0.575322151	0.176635973	3.257106363	0.066166906	0.34316804	230	224
创业50_maL_30_BiDirection_Jump_longBars5	0.306581265	0.157681132	1.944311674	0.100707676	0.459697776	491	472
创业板_maL_30_BiDirection_Jump_longBars5	0.525294706	0.131065209	4.00788823	0.060760034	0.322254025	491	486
券商ETF_maL_30_BiDirection_Jump_longBars5	0.383454106	0.156105883	2.456371908	0.091509101	0.429687849	491	480
新能源车ETF_maL_30_BiDirection_Jump_longBars5	0.746007172	0.196261926	3.801079435	0.041108775	0.303410559	107	102
有色金属ETF_maL_30_BiDirection_Jump_longBars5	0.302518116	0.105105332	2.87823757	0.048017585	0.415282786	491	468
芯片ETF_maL_30_BiDirection_Jump_longBars5	0.828827631	0.277122131	2.990838831	0.089532833	0.323260074	124	124
证券ETF_maL_30_BiDirection_Jump_longBars5	0.346606899	0.165142892	2.098830267	0.108733552	0.454500951	491	472
银行ETF_maL_30_BiDirection_Jump_longBars5	0.209832701	0.095394289	2.199635873	0.045501563	0.557939709	491	463
黄金ETF_maL_30_BiDirection_Jump_longBars5	0.142671408	0.044984688	3.171554929	0.019606274	0.663503179	491	425
300ETF_maL_10_OnlyLong_Jump_longBars6	0.212203844	0.08941686	2.373197226	0.04221768	0.384239101	487	216
500ETF_maL_10_OnlyLong_Jump_longBars6	0.232304226	0.084476089	2.749940579	0.056605098	0.36858168	487	240
50ETF_maL_10_OnlyLong_Jump_longBars6	0.189069955	0.08363485	2.260659945	0.046789879	0.436957408	487	231
5GETF_maL_10_OnlyLong_Jump_longBars6	0.461555769	0.137541078	3.355766696	0.045389032	0.266657817	198	95
H股ETF_maL_10_OnlyLong_Jump_longBars6	0.034495248	0.055957032	0.616459576	0.051216465	0.723318024	487	153
TMTETF_maL_10_OnlyLong_Jump_longBars6	0.335271357	0.099635032	3.36499472	0.048312929	0.274901646	485	206
XFETF_maL_10_OnlyLong_Jump_longBars6	0.258524848	0.092739738	2.787638321	0.048699681	0.378181952	489	228
军工ETF_maL_10_OnlyLong_Jump_longBars6	0.250132492	0.11554454	2.164814476	0.06821677	0.288185678	487	163
军工龙头ETF_maL_10_OnlyLong_Jump_longBars6	0.331119124	0.147591799	2.243479149	0.059078752	0.296627289	230	103
创业50_maL_10_OnlyLong_Jump_longBars6	0.28102244	0.112654326	2.494555246	0.072869856	0.291223295	487	182
创业板_maL_10_OnlyLong_Jump_longBars6	0.298448313	0.100532556	2.96867328	0.045907173	0.329571764	487	234
券商ETF_maL_10_OnlyLong_Jump_longBars6	0.296632345	0.144262511	2.056198401	0.056028955	0.244373231	487	141
新能源车ETF_maL_10_OnlyLong_Jump_longBars6	0.075794444	0.107905517	0.702414917	0.040102906	0.597408131	103	38
有色金属ETF_maL_10_OnlyLong_Jump_longBars6	0.191040792	0.071276818	2.680265421	0.023213221	0.305713859	490	163
芯片ETF_maL_10_OnlyLong_Jump_longBars6	0.498048464	0.21013375	2.37014979	0.051770567	0.258709951	123	58
证券ETF_maL_10_OnlyLong_Jump_longBars6	0.217754928	0.149572166	1.455851939	0.067891922	0.323335991	485	147
银行ETF_maL_10_OnlyLong_Jump_longBars6	0.128433695	0.068012538	1.88838263	0.031829286	0.394959563	487	136
黄金ETF_maL_10_OnlyLong_Jump_longBars6	0.056200355	0.027946727	2.010981599	0.015380065	0.646802204	478	139
300ETF_maL_10_BiDirection_Jump_longBars6	0.266709324	0.114116889	2.337159087	0.052775075	0.500481531	491	489
500ETF_maL_10_BiDirection_Jump_longBars6	0.215793649	0.1286248	1.677698613	0.089298094	0.540233595	491	487
50ETF_maL_10_BiDirection_Jump_longBars6	0.296199522	0.09879511	2.998119263	0.040267765	0.480407033	491	488
5GETF_maL_10_BiDirection_Jump_longBars6	0.355793569	0.238191976	1.493726092	0.15283043	0.484933786	200	198
H股ETF_maL_10_BiDirection_Jump_longBars6	0.271782562	0.071939515	3.77793153	0.037326753	0.455698705	491	447
TMTETF_maL_10_BiDirection_Jump_longBars6	0.452974049	0.139321308	3.251290533	0.077207949	0.330657591	490	399
XFETF_maL_10_BiDirection_Jump_longBars6	0.185275244	0.138341883	1.339256342	0.089994123	0.635585399	491	487
军工ETF_maL_10_BiDirection_Jump_longBars6	0.3886265	0.137719093	2.821878156	0.070744024	0.377511952	491	463
军工龙头ETF_maL_10_BiDirection_Jump_longBars6	0.614122835	0.164256944	3.738793739	0.038006559	0.329975109	230	225
创业50_maL_10_BiDirection_Jump_longBars6	0.361226639	0.149582758	2.414894892	0.090087376	0.406768608	491	464
创业板_maL_10_BiDirection_Jump_longBars6	0.409900185	0.134279082	3.052598945	0.05766584	0.385219807	491	484
券商ETF_maL_10_BiDirection_Jump_longBars6	0.314319983	0.174794267	1.798228215	0.116355834	0.483007252	491	479
新能源车ETF_maL_10_BiDirection_Jump_longBars6	1.038559393	0.170397307	6.09492845	0.028837805	0.240891138	107	103
有色金属ETF_maL_10_BiDirection_Jump_longBars6	0.277301825	0.096088099	2.885912283	0.0421859	0.436691663	491	468
芯片ETF_maL_10_BiDirection_Jump_longBars6	0.468634633	0.294010146	1.593940344	0.124682574	0.431939965	124	123
证券ETF_maL_10_BiDirection_Jump_longBars6	0.256415239	0.181796728	1.410450241	0.120930185	0.540026315	491	478
银行ETF_maL_10_BiDirection_Jump_longBars6	0.23108838	0.087930992	2.62806519	0.038849213	0.524079482	491	458
黄金ETF_maL_10_BiDirection_Jump_longBars6	0.144406039	0.049297627	2.929269544	0.01929623	0.663070578	490	425
300ETF_maL_20_OnlyLong_Jump_longBars6	0.187098802	0.096867383	1.931494328	0.049028957	0.449351841	487	246
500ETF_maL_20_OnlyLong_Jump_longBars6	0.226020853	0.088801636	2.545232981	0.054082495	0.394424255	487	259
50ETF_maL_20_OnlyLong_Jump_longBars6	0.198767588	0.084781772	2.344461361	0.038291952	0.432194473	487	239
5GETF_maL_20_OnlyLong_Jump_longBars6	0.644419553	0.132006764	4.881716155	0.034400801	0.217461261	198	100
H股ETF_maL_20_OnlyLong_Jump_longBars6	0.059322996	0.060586981	0.979137678	0.045732065	0.670293589	487	207
TMTETF_maL_20_OnlyLong_Jump_longBars6	0.371255315	0.093316204	3.978465688	0.056017945	0.24199309	485	195
XFETF_maL_20_OnlyLong_Jump_longBars6	0.344690429	0.092652881	3.720234318	0.032543478	0.317804149	489	241
军工ETF_maL_20_OnlyLong_Jump_longBars6	0.29948354	0.115481177	2.593353722	0.042030523	0.294726686	487	207
军工龙头ETF_maL_20_OnlyLong_Jump_longBars6	0.383078166	0.143736691	2.665138344	0.050329934	0.292285765	230	117
创业50_maL_20_OnlyLong_Jump_longBars6	0.31717036	0.116766326	2.716282776	0.070806191	0.300267036	487	223
创业板_maL_20_OnlyLong_Jump_longBars6	0.348133899	0.108732139	3.201757119	0.056013355	0.312434515	487	259
券商ETF_maL_20_OnlyLong_Jump_longBars6	0.280549313	0.147589179	1.900879964	0.060411465	0.307557452	487	182
新能源车ETF_maL_20_OnlyLong_Jump_longBars6	0.186870936	0.112535571	1.660549946	0.030536571	0.422301691	103	45
有色金属ETF_maL_20_OnlyLong_Jump_longBars6	0.24712351	0.077737157	3.178962541	0.023915842	0.285610401	489	196
芯片ETF_maL_20_OnlyLong_Jump_longBars6	0.823790565	0.198651241	4.146918806	0.045852901	0.192427519	123	62
证券ETF_maL_20_OnlyLong_Jump_longBars6	0.289857404	0.140729937	2.059671245	0.051284359	0.301282891	485	183
银行ETF_maL_20_OnlyLong_Jump_longBars6	0.133733408	0.07615536	1.756060333	0.031379687	0.437253028	489	167
黄金ETF_maL_20_OnlyLong_Jump_longBars6	0.049510224	0.034942584	1.416902168	0.022916518	0.73195319	491	194
300ETF_maL_20_BiDirection_Jump_longBars6	0.253572666	0.115413849	2.197073121	0.06176578	0.517807401	491	489
500ETF_maL_20_BiDirection_Jump_longBars6	0.252868938	0.124140561	2.036956619	0.107888726	0.498932464	491	489
50ETF_maL_20_BiDirection_Jump_longBars6	0.321380152	0.098695353	3.25628453	0.034283279	0.461465659	491	490
5GETF_maL_20_BiDirection_Jump_longBars6	0.473557967	0.233208991	2.030616255	0.113028605	0.415535364	200	197
H股ETF_maL_20_BiDirection_Jump_longBars6	0.258760332	0.074445473	3.475837045	0.038522344	0.479986559	491	462
TMTETF_maL_20_BiDirection_Jump_longBars6	0.527574784	0.133626697	3.948124102	0.060922641	0.283040291	490	386
XFETF_maL_20_BiDirection_Jump_longBars6	0.346410676	0.123091296	2.814258093	0.047659129	0.460946329	491	478
军工ETF_maL_20_BiDirection_Jump_longBars6	0.415445443	0.13360464	3.109513574	0.073891626	0.362408602	491	467
军工龙头ETF_maL_20_BiDirection_Jump_longBars6	0.629354057	0.172441503	3.649666969	0.041237738	0.324541804	230	225
创业50_maL_20_BiDirection_Jump_longBars6	0.324560148	0.152345848	2.130416764	0.097671665	0.442359014	491	475
创业板_maL_20_BiDirection_Jump_longBars6	0.422737627	0.140520482	3.008370166	0.060180242	0.380305443	491	490
券商ETF_maL_20_BiDirection_Jump_longBars6	0.378712176	0.154777454	2.44681745	0.103454295	0.431741721	491	479
新能源车ETF_maL_20_BiDirection_Jump_longBars6	0.963604055	0.175954996	5.476423394	0.034199891	0.2509973	107	102
有色金属ETF_maL_20_BiDirection_Jump_longBars6	0.310243486	0.097324277	3.187729665	0.042660571	0.41103845	491	473
芯片ETF_maL_20_BiDirection_Jump_longBars6	0.965656137	0.259497644	3.721252045	0.074242847	0.289674832	124	124
证券ETF_maL_20_BiDirection_Jump_longBars6	0.398734628	0.154028463	2.588707438	0.078962727	0.414514814	491	475
银行ETF_maL_20_BiDirection_Jump_longBars6	0.195642133	0.094674666	2.06646763	0.05352037	0.574206022	491	462
黄金ETF_maL_20_BiDirection_Jump_longBars6	0.128153906	0.047834518	2.679109372	0.019852035	0.691026091	491	429
300ETF_maL_30_OnlyLong_Jump_longBars6	0.181762175	0.095586954	1.901537463	0.057186468	0.455049728	487	244
500ETF_maL_30_OnlyLong_Jump_longBars6	0.209882099	0.090405458	2.321564459	0.053295336	0.411897441	487	256
50ETF_maL_30_OnlyLong_Jump_longBars6	0.223728436	0.084342293	2.652624546	0.037485924	0.389353388	487	229
5GETF_maL_30_OnlyLong_Jump_longBars6	0.539543951	0.135567501	3.979891543	0.034746152	0.24693698	198	100
H股ETF_maL_30_OnlyLong_Jump_longBars6	0.076955113	0.060474632	1.272518912	0.037804666	0.596618766	487	197
TMTETF_maL_30_OnlyLong_Jump_longBars6	0.357340512	0.09284982	3.848585933	0.056273719	0.24604361	485	190
XFETF_maL_30_OnlyLong_Jump_longBars6	0.36099429	0.090366278	3.994789828	0.04104281	0.308935585	489	246
军工ETF_maL_30_OnlyLong_Jump_longBars6	0.345545461	0.110680592	3.12200589	0.033081998	0.257295515	487	201
军工龙头ETF_maL_30_OnlyLong_Jump_longBars6	0.399904788	0.142524904	2.805859022	0.061761396	0.275593754	230	112
创业50_maL_30_OnlyLong_Jump_longBars6	0.358227732	0.11305404	3.168641596	0.044993278	0.267734808	487	217
创业板_maL_30_OnlyLong_Jump_longBars6	0.355352015	0.104436048	3.402580061	0.057248498	0.300300634	487	251
券商ETF_maL_30_OnlyLong_Jump_longBars6	0.36829499	0.138955665	2.65044962	0.042436378	0.24060826	487	177
新能源车ETF_maL_30_OnlyLong_Jump_longBars6	0.107896929	0.12490209	0.863852071	0.033395453	0.562679886	103	47
有色金属ETF_maL_30_OnlyLong_Jump_longBars6	0.261764257	0.080270466	3.261028246	0.027806595	0.271233692	489	194
芯片ETF_maL_30_OnlyLong_Jump_longBars6	0.55103123	0.203672433	2.705477724	0.070770206	0.253366595	123	62
证券ETF_maL_30_OnlyLong_Jump_longBars6	0.309561652	0.137881144	2.245134055	0.04468182	0.280845192	487	179
银行ETF_maL_30_OnlyLong_Jump_longBars6	0.149600768	0.073763891	2.028102987	0.02839475	0.423127681	489	178
黄金ETF_maL_30_OnlyLong_Jump_longBars6	0.045511001	0.034428493	1.321899316	0.024038347	0.749977961	491	197
300ETF_maL_30_BiDirection_Jump_longBars6	0.271194183	0.111888497	2.423789669	0.056065704	0.497959614	491	484
500ETF_maL_30_BiDirection_Jump_longBars6	0.278362571	0.122832699	2.266192742	0.079266982	0.472069141	491	484
50ETF_maL_30_BiDirection_Jump_longBars6	0.309908196	0.101407396	3.056070933	0.047645091	0.468796846	491	481
5GETF_maL_30_BiDirection_Jump_longBars6	0.269203022	0.250719408	1.073722309	0.164617532	0.551764855	200	196
H股ETF_maL_30_BiDirection_Jump_longBars6	0.245677282	0.073236908	3.354555639	0.030679977	0.489625189	491	454
TMTETF_maL_30_BiDirection_Jump_longBars6	0.529738464	0.127426097	4.15722115	0.052733108	0.276856005	490	375
XFETF_maL_30_BiDirection_Jump_longBars6	0.30829291	0.127211672	2.423464025	0.053384504	0.494840878	491	473
军工ETF_maL_30_BiDirection_Jump_longBars6	0.378662511	0.132721594	2.853058796	0.079353351	0.387925169	491	463
军工龙头ETF_maL_30_BiDirection_Jump_longBars6	0.561716456	0.175575151	3.199293585	0.066681233	0.346604969	230	222
创业50_maL_30_BiDirection_Jump_longBars6	0.347175304	0.151745901	2.287872697	0.098946762	0.421104903	491	466
创业板_maL_30_BiDirection_Jump_longBars6	0.532089159	0.127868239	4.161230039	0.060882091	0.31685365	491	482
券商ETF_maL_30_BiDirection_Jump_longBars6	0.382678848	0.151663456	2.523210657	0.096312822	0.429705545	491	479
新能源车ETF_maL_30_BiDirection_Jump_longBars6	0.732936274	0.19404959	3.777056547	0.044334774	0.304531327	107	101
有色金属ETF_maL_30_BiDirection_Jump_longBars6	0.289622016	0.10457378	2.769547155	0.050152898	0.426224632	491	466
芯片ETF_maL_30_BiDirection_Jump_longBars6	0.631842885	0.276781286	2.28282372	0.084337627	0.377508739	124	124
证券ETF_maL_30_BiDirection_Jump_longBars6	0.362795427	0.158109852	2.294578245	0.104397286	0.440575116	491	470
银行ETF_maL_30_BiDirection_Jump_longBars6	0.194827216	0.094499899	2.061665854	0.046218439	0.576360677	491	460
黄金ETF_maL_30_BiDirection_Jump_longBars6	0.146792776	0.043975885	3.338028961	0.020011515	0.652140456	491	417
