,StockID,Date,Time,open,close,high,low,vol,OI,SettleDate,Maturity,OI_T1,OI_T0,adj_OI_delta,adj_OI
793440,IF2009,20200821,9:31:00,4691.6,4691.0,4698.0,4687.0,3006,115572,20200918,28,311.3716408691564,1528.3716408691564,1839.7432817383128,118628.74328173831
793441,IF2009,20200821,9:32:00,4691.0,4690.4,4695.2,4687.8,1383,114879,20200918,28,143.25581481105897,836.2558148110589,979.5116296221179,119608.25491136043
793442,IF2009,20200821,9:33:00,4691.0,4694.6,4696.6,4691.0,1099,114447,20200918,28,113.83813483539683,545.8381348353969,659.6762696707938,120267.93118103122
793443,IF2009,20200821,9:34:00,4694.4,4695.2,4695.6,4690.2,810,114044,20200918,28,83.9025379587547,486.9025379587547,570.8050759175094,120838.73625694873
793444,IF2009,20200821,9:35:00,4697.2,4697.0,4698.8,4694.0,749,113806,20200918,28,77.5839517667991,315.5839517667991,393.1679035335982,121231.90416048233
793445,IF2009,20200821,9:36:00,4697.4,4694.6,4698.6,4691.6,859,113545,20200918,28,88.97812358835839,349.97812358835836,438.9562471767167,121670.86040765904
793446,IF2009,20200821,9:37:00,4694.2,4700.4,4700.8,4692.6,914,113329,20200918,28,94.67520949913802,310.675209499138,405.35041899827604,122076.21082665732
793447,IF2009,20200821,9:38:00,4699.0,4691.0,4699.4,4690.4,821,113187,20200918,28,85.04195514091064,227.04195514091066,312.0839102818213,122388.29473693915
793448,IF2009,20200821,9:39:00,4691.2,4693.0,4694.6,4689.6,682,112991,20200918,28,70.64386529366755,266.64386529366755,337.2877305873351,122725.58246752649
793449,IF2009,20200821,9:40:00,4692.6,4697.8,4697.8,4690.6,573,112919,20200918,28,59.35327685230426,131.35327685230425,190.7065537046085,122916.2890212311
793450,IF2009,20200821,9:41:00,4697.8,4703.8,4705.8,4697.8,1178,112637,20200918,28,122.02122187088031,404.0212218708803,526.0424437417606,123442.33146497287
793451,IF2009,20200821,9:42:00,4704.0,4709.6,4709.6,4703.4,929,112431,20200918,28,96.22896020207793,302.22896020207793,398.45792040415586,123840.78938537702
793452,IF2009,20200821,9:43:00,4710.0,4708.4,4715.0,4706.8,1291,112272,20200918,28,133.72614383302758,292.72614383302755,426.4522876660551,124267.24167304307
793453,IF2009,20200821,9:44:00,4709.8,4711.8,4714.0,4708.2,844,112237,20200918,28,87.42437288541849,122.42437288541849,209.84874577083698,124477.09041881391
793454,IF2009,20200821,9:45:00,4711.8,4708.6,4714.2,4706.6,731,112065,20200918,28,75.71945092327122,247.7194509232712,323.4389018465424,124800.52932066045
793455,IF2009,20200821,9:46:00,4709.8,4710.8,4712.6,4706.8,715,111972,20200918,28,74.06211684013533,167.06211684013533,241.12423368027066,125041.65355434072
793456,IF2009,20200821,9:47:00,4711.2,4705.8,4711.6,4705.2,599,111908,20200918,28,62.04644473740009,126.0464447374001,188.0928894748002,125229.74644381553
793457,IF2009,20200821,9:48:00,4705.2,4703.4,4705.2,4700.8,717,111823,20200918,28,74.26928360052732,159.26928360052733,233.53856720105466,125463.28501101659
793458,IF2009,20200821,9:49:00,4702.8,4702.4,4708.2,4701.4,590,111619,20200918,28,61.114194315636155,265.11419431563615,326.2283886312723,125789.51339964785
793459,IF2009,20200821,9:50:00,4703.0,4700.6,4704.2,4700.0,434,111488,20200918,28,44.95518700506117,175.95518700506116,220.91037401012233,126010.42377365798
793460,IF2009,20200821,9:51:00,4700.6,4705.6,4706.8,4700.0,638,111256,20200918,28,66.08619656504383,298.08619656504385,364.1723931300877,126374.59616678808
793461,IF2009,20200821,9:52:00,4705.6,4698.2,4705.6,4697.0,680,111007,20200918,28,70.43669853327556,319.43669853327555,389.8733970665511,126764.46956385463
793462,IF2009,20200821,9:53:00,4698.4,4703.8,4704.8,4698.0,414,110877,20200918,28,42.8835194011413,172.8835194011413,215.76703880228263,126980.2366026569
793463,IF2009,20200821,9:54:00,4703.8,4706.4,4708.2,4702.0,524,110809,20200918,28,54.27769122270058,122.27769122270058,176.55538244540116,127156.7919851023
793464,IF2009,20200821,9:55:00,4706.2,4711.6,4711.6,4706.0,579,110754,20200918,28,59.97477713348022,114.97477713348022,174.94955426696043,127331.74153936926
793465,IF2009,20200821,9:56:00,4712.0,4714.4,4716.0,4711.8,980,110521,20200918,28,101.51171259207361,334.5117125920736,436.0234251841472,127767.76496455341
793466,IF2009,20200821,9:57:00,4715.2,4710.0,4715.2,4708.8,683,110382,20200918,28,70.74744867386354,209.74744867386354,280.4948973477271,128048.25986190114
793467,IF2009,20200821,9:58:00,4710.2,4709.6,4710.8,4707.2,356,110320,20200918,28,36.875683349773674,98.87568334977368,135.75136669954736,128184.01122860069
793468,IF2009,20200821,9:59:00,4710.4,4706.0,4710.4,4704.4,398,110259,20200918,28,41.226185318005406,102.2261853180054,143.4523706360108,128327.4635992367
793469,IF2009,20200821,10:00:00,4705.8,4704.2,4706.8,4704.2,320,110198,20200918,28,33.14668166271791,94.14668166271791,127.29336332543582,128454.75696256213
793470,IF2009,20200821,10:01:00,4703.8,4700.2,4705.0,4698.6,876,109921,20200918,28,90.7390410516903,367.73904105169026,458.47808210338053,128913.2350446655
793471,IF2009,20200821,10:02:00,4701.0,4696.2,4701.2,4696.0,495,109865,20200918,28,51.27377319701677,107.27377319701677,158.54754639403353,129071.78259105954
793472,IF2009,20200821,10:03:00,4696.0,4699.4,4699.8,4695.2,480,109777,20200918,28,49.72002249407687,137.7200224940769,187.44004498815377,129259.22263604769
793473,IF2009,20200821,10:04:00,4699.4,4698.8,4700.4,4696.2,510,109689,20200918,28,52.827523899956674,140.82752389995667,193.65504779991335,129452.8776838476
793474,IF2009,20200821,10:05:00,4698.4,4702.0,4702.2,4697.6,414,109666,20200918,28,42.8835194011413,65.8835194011413,108.7670388022826,129561.64472264989
793475,IF2009,20200821,10:06:00,4702.6,4704.4,4704.4,4701.2,408,109632,20200918,28,42.26201911996534,76.26201911996534,118.52403823993069,129680.16876088982
793476,IF2009,20200821,10:07:00,4704.4,4699.4,4707.2,4699.0,598,109464,20200918,28,61.942861357204094,229.9428613572041,291.8857227144082,129972.05448360422
793477,IF2009,20200821,10:08:00,4698.6,4698.8,4699.0,4697.0,341,109441,20200918,28,35.32193264683377,58.32193264683377,93.64386529366755,130065.69834889789
793478,IF2009,20200821,10:09:00,4698.0,4696.4,4698.2,4694.6,429,109466,20200918,28,44.4372701040812,19.4372701040812,63.8745402081624,130129.57288910606
793479,IF2009,20200821,10:10:00,4696.2,4695.8,4696.2,4693.0,616,109527,20200918,28,63.80736220073198,2.80736220073198,66.61472440146396,130196.18761350751
793480,IF2009,20200821,10:11:00,4696.2,4697.8,4697.8,4696.0,275,109570,20200918,28,28.485429553898204,-14.514570446101796,13.970859107796407,130210.15847261531
793481,IF2009,20200821,10:12:00,4697.8,4693.0,4698.2,4692.8,339,109569,20200918,28,35.11476588644179,36.11476588644179,71.22953177288358,130281.3880043882
793482,IF2009,20200821,10:13:00,4693.0,4688.8,4693.0,4688.4,752,109407,20200918,28,77.89470190738709,239.8947019073871,317.7894038147742,130599.17740820297
793483,IF2009,20200821,10:14:00,4688.8,4689.2,4691.6,4687.2,480,109353,20200918,28,49.72002249407687,103.72002249407687,153.44004498815374,130752.61745319112
793484,IF2009,20200821,10:15:00,4689.4,4685.2,4689.4,4684.0,644,109277,20200918,28,66.7076968462198,142.7076968462198,209.41539369243958,130962.03284688357
793485,IF2009,20200821,10:16:00,4684.8,4687.4,4688.2,4681.0,689,109269,20200918,28,71.3689489550395,79.3689489550395,150.737897910079,131112.77074479364
793486,IF2009,20200821,10:17:00,4687.6,4688.2,4690.4,4686.4,446,109254,20200918,28,46.19818756741309,61.19818756741309,107.39637513482619,131220.16711992846
793487,IF2009,20200821,10:18:00,4688.2,4687.4,4689.4,4686.2,309,109263,20200918,28,32.007264480561986,23.007264480561986,55.01452896112397,131275.1816488896
793488,IF2009,20200821,10:19:00,4686.6,4684.2,4687.2,4684.2,353,109267,20200918,28,36.564933209185696,32.564933209185696,69.12986641837139,131344.31151530796
793489,IF2009,20200821,10:20:00,4684.4,4685.6,4687.4,4684.2,326,109258,20200918,28,33.76818194389387,42.76818194389387,76.53636388778774,131420.84787919573
793490,IF2009,20200821,10:21:00,4685.6,4688.8,4689.2,4684.2,375,109193,20200918,28,38.84376757349755,103.84376757349756,142.68753514699512,131563.53541434274
793491,IF2009,20200821,10:22:00,4689.0,4684.4,4689.0,4684.0,323,109148,20200918,28,33.45743180330589,78.4574318033059,111.91486360661179,131675.45027794936
793492,IF2009,20200821,10:23:00,4684.0,4686.4,4688.4,4683.8,439,109193,20200918,28,45.47310390604113,0.47310390604113195,45.946207812082264,131721.39648576145
793493,IF2009,20200821,10:24:00,4686.2,4685.4,4688.0,4683.2,515,109159,20200918,28,53.345440800936636,87.34544080093664,140.6908816018733,131862.08736736333
793494,IF2009,20200821,10:25:00,4685.4,4686.8,4691.8,4685.4,742,109100,20200918,28,76.85886810542716,135.85886810542718,212.71773621085435,132074.80510357418
793495,IF2009,20200821,10:26:00,4686.4,4686.6,4688.2,4686.0,225,109092,20200918,28,23.306260544098535,31.306260544098535,54.61252108819707,132129.41762466237
793496,IF2009,20200821,10:27:00,4686.6,4687.6,4688.8,4685.6,164,109072,20200918,28,16.987674352142932,36.98767435214293,53.975348704285864,132183.39297336666
793497,IF2009,20200821,10:28:00,4687.6,4685.0,4687.6,4684.8,187,109054,20200918,28,19.37009209665078,37.37009209665078,56.74018419330156,132240.13315755996
793498,IF2009,20200821,10:29:00,4685.2,4687.8,4689.4,4684.8,237,109028,20200918,28,24.54926110645045,50.54926110645045,75.0985222129009,132315.23167977287
793499,IF2009,20200821,10:30:00,4687.8,4691.2,4691.4,4687.4,365,109013,20200918,28,37.80793377153762,52.80793377153762,90.61586754307524,132405.84754731593
793500,IF2009,20200821,10:31:00,4691.2,4692.4,4693.4,4690.6,457,108973,20200918,28,47.33760474956901,87.33760474956901,134.67520949913802,132540.52275681507
793501,IF2009,20200821,10:32:00,4692.2,4691.8,4692.8,4690.6,364,108911,20200918,28,37.70435039134163,99.70435039134162,137.40870078268324,132677.93145759776
793502,IF2009,20200821,10:33:00,4691.6,4688.6,4691.8,4686.2,375,108909,20200918,28,38.84376757349755,40.84376757349755,79.6875351469951,132757.61899274477
793503,IF2009,20200821,10:34:00,4688.6,4690.2,4691.0,4686.8,303,108930,20200918,28,31.38576419938602,10.38576419938602,41.77152839877204,132799.39052114353
793504,IF2009,20200821,10:35:00,4689.6,4690.6,4691.8,4686.8,247,108938,20200918,28,25.585094908410387,17.585094908410387,43.17018981682077,132842.56071096036
793505,IF2009,20200821,10:36:00,4690.0,4689.0,4691.0,4688.0,247,108957,20200918,28,25.585094908410387,6.585094908410387,32.17018981682077,132874.73090077718
793506,IF2009,20200821,10:37:00,4689.0,4687.8,4689.8,4687.0,198,108961,20200918,28,20.509509278806707,16.509509278806707,37.019018557613414,132911.7499193348
793507,IF2009,20200821,10:38:00,4687.6,4685.0,4688.0,4684.4,346,109014,20200918,28,35.83984954781374,-17.160150452186258,18.679699095627484,132930.42961843044
793508,IF2009,20200821,10:39:00,4684.8,4680.6,4685.4,4680.6,406,109025,20200918,28,42.054852359573346,31.054852359573346,73.10970471914669,133003.5393231496
793509,IF2009,20200821,10:40:00,4680.0,4681.0,4682.4,4680.0,651,109046,20200918,28,67.43278050759176,46.43278050759176,113.86556101518352,133117.40488416477
793510,IF2009,20200821,10:41:00,4681.6,4680.6,4682.6,4680.0,250,109087,20200918,28,25.895845048998368,-15.104154951001632,10.791690097996735,133128.19657426278
793511,IF2009,20200821,10:42:00,4680.8,4687.2,4689.0,4680.8,456,109106,20200918,28,47.234021369373025,28.234021369373025,75.46804273874605,133203.66461700152
793512,IF2009,20200821,10:43:00,4686.6,4688.0,4689.8,4686.2,322,109141,20200918,28,33.3538484231099,-1.646151576890098,31.707696846219804,133235.37231384774
793513,IF2009,20200821,10:44:00,4688.0,4690.0,4691.0,4686.6,219,109129,20200918,28,22.684760262922573,34.68476026292257,57.36952052584515,133292.7418343736
793514,IF2009,20200821,10:45:00,4689.6,4691.0,4691.6,4689.2,196,109121,20200918,28,20.302342518414722,28.302342518414722,48.604685036829444,133341.34651941044
793515,IF2009,20200821,10:46:00,4691.0,4691.0,4692.8,4690.4,292,109148,20200918,28,30.246347017230093,3.246347017230093,33.492694034460186,133374.8392134449
793516,IF2009,20200821,10:47:00,4691.0,4689.2,4691.4,4687.6,201,109148,20200918,28,20.820259419394688,20.820259419394688,41.640518838789376,133416.4797322837
793517,IF2009,20200821,10:48:00,4688.8,4687.4,4689.2,4685.2,245,109168,20200918,28,25.377928148018402,5.377928148018402,30.755856296036804,133447.23558857976
793518,IF2009,20200821,10:49:00,4687.2,4688.0,4690.0,4687.2,114,109191,20200918,28,11.808505342343256,-11.191494657656744,0.6170106846865124,133447.85259926444
793519,IF2009,20200821,10:50:00,4687.8,4685.2,4688.2,4684.4,248,109216,20200918,28,25.68867828860638,0.6886782886063791,26.37735657721276,133474.22995584164
793520,IF2009,20200821,10:51:00,4684.8,4684.8,4687.8,4682.6,276,109256,20200918,28,28.5890129340942,-11.4109870659058,17.1780258681884,133491.40798170984
793521,IF2009,20200821,10:52:00,4684.0,4690.2,4691.4,4684.0,312,109246,20200918,28,32.31801462114996,42.31801462114996,74.63602924229993,133566.04401095214
793522,IF2009,20200821,10:53:00,4690.0,4695.6,4697.0,4689.6,580,109303,20200918,28,60.078360513676216,3.078360513676216,63.15672102735243,133629.2007319795
793523,IF2009,20200821,10:54:00,4695.2,4695.8,4698.0,4694.6,403,109297,20200918,28,41.74410221898537,47.74410221898537,89.48820443797074,133718.6889364175
793524,IF2009,20200821,10:55:00,4695.2,4692.6,4695.4,4691.2,415,109281,20200918,28,42.98710278133729,58.98710278133729,101.97420556267458,133820.66314198016
793525,IF2009,20200821,10:56:00,4692.6,4698.8,4699.0,4691.6,386,109238,20200918,28,39.98318475565348,82.98318475565348,122.96636951130697,133943.62951149145
793526,IF2009,20200821,10:57:00,4699.0,4701.2,4702.2,4697.8,625,109182,20200918,28,64.73961262249593,120.73961262249593,185.47922524499185,134129.10873673644
793527,IF2009,20200821,10:58:00,4701.6,4700.0,4702.2,4698.0,410,109202,20200918,28,42.46918588035732,22.469185880357323,64.93837176071465,134194.04710849715
793528,IF2009,20200821,10:59:00,4700.8,4699.4,4701.4,4696.4,349,109279,20200918,28,36.150599688401726,-40.849400311598274,-4.698800623196547,134189.34830787397
793529,IF2009,20200821,11:00:00,4699.8,4701.6,4701.6,4697.2,327,109333,20200918,28,33.871765324089864,-20.128234675910136,13.743530648179728,134203.09183852214
793530,IF2009,20200821,11:01:00,4701.6,4705.4,4707.4,4701.4,812,109410,20200918,28,84.10970471914669,7.109704719146691,91.21940943829338,134294.31124796043
793531,IF2009,20200821,11:02:00,4705.8,4706.0,4708.8,4701.2,620,109512,20200918,28,64.22169572151596,-37.77830427848404,26.443391443031913,134320.75463940346
793532,IF2009,20200821,11:03:00,4705.8,4703.6,4706.0,4703.0,263,109587,20200918,28,27.242428991546287,-47.75757100845371,-20.515142016907422,134300.23949738656
793533,IF2009,20200821,11:04:00,4703.6,4703.8,4705.0,4702.0,221,109595,20200918,28,22.891927023314555,14.891927023314555,37.78385404662911,134338.0233514332
793534,IF2009,20200821,11:05:00,4704.2,4708.2,4708.6,4702.8,455,109590,20200918,28,47.13043798917703,52.13043798917703,99.26087597835406,134437.28422741155
793535,IF2009,20200821,11:06:00,4708.8,4711.0,4711.4,4707.6,556,109669,20200918,28,57.592359388972376,-21.407640611027624,36.18471877794475,134473.4689461895
793536,IF2009,20200821,11:07:00,4711.0,4713.4,4715.0,4710.2,734,109622,20200918,28,76.03020106385921,123.03020106385921,199.06040212771842,134672.5293483172
793537,IF2009,20200821,11:08:00,4713.6,4717.6,4719.0,4713.6,1111,109835,20200918,28,115.08113539774875,-97.91886460225125,17.162270795497506,134689.6916191127
793538,IF2009,20200821,11:09:00,4717.4,4716.0,4719.6,4714.0,525,109917,20200918,28,54.381274602896575,-27.618725397103425,26.76254920579315,134716.4541683185
793539,IF2009,20200821,11:10:00,4716.4,4717.4,4719.2,4716.0,597,109909,20200918,28,61.8392779770081,69.8392779770081,131.6785559540162,134848.13272427252
793540,IF2009,20200821,11:11:00,4717.8,4712.8,4718.6,4712.6,606,109991,20200918,28,62.77152839877204,-19.22847160122796,43.54305679754408,134891.67578107008
793541,IF2009,20200821,11:12:00,4713.2,4713.0,4716.2,4712.8,293,109981,20200918,28,30.34993039742609,40.34993039742609,70.69986079485219,134962.37564186493
793542,IF2009,20200821,11:13:00,4712.8,4710.4,4713.0,4708.4,568,110020,20200918,28,58.83535995132429,19.835359951324293,78.67071990264859,135041.04636176757
793543,IF2009,20200821,11:14:00,4710.6,4705.6,4711.4,4702.4,750,110131,20200918,28,77.6875351469951,-33.3124648530049,44.375070293990206,135085.42143206156
793544,IF2009,20200821,11:15:00,4705.8,4706.6,4708.0,4705.4,350,110256,20200918,28,36.25418306859772,-88.74581693140229,-52.49163386280457,135032.92979819875
793545,IF2009,20200821,11:16:00,4706.4,4706.2,4708.6,4705.2,364,110215,20200918,28,37.70435039134163,78.70435039134162,116.40870078268324,135149.33849898144
793546,IF2009,20200821,11:17:00,4706.2,4703.6,4707.6,4703.0,309,110229,20200918,28,32.007264480561986,18.007264480561986,50.01452896112397,135199.35302794256
793547,IF2009,20200821,11:18:00,4703.6,4703.8,4704.0,4702.6,340,110217,20200918,28,35.21834926663778,47.21834926663778,82.43669853327556,135281.78972647584
793548,IF2009,20200821,11:19:00,4703.2,4706.4,4708.4,4703.2,300,110274,20200918,28,31.075014058798043,-25.924985941201957,5.1500281175960865,135286.93975459342
793549,IF2009,20200821,11:20:00,4706.2,4703.0,4706.6,4702.4,219,110312,20200918,28,22.684760262922573,-15.315239737077427,7.369520525845147,135294.30927511927
793550,IF2009,20200821,11:21:00,4703.0,4706.8,4707.2,4702.6,198,110334,20200918,28,20.509509278806707,-1.490490721193293,19.019018557613414,135313.3282936769
793551,IF2009,20200821,11:22:00,4707.0,4712.6,4713.6,4707.0,487,110421,20200918,28,50.445106155448826,-36.554893844551174,13.890212310897653,135327.21850598778
793552,IF2009,20200821,11:23:00,4711.8,4710.6,4712.6,4707.8,337,110473,20200918,28,34.9075991260498,-17.092400873950197,17.815198252099606,135345.03370423988
793553,IF2009,20200821,11:24:00,4710.6,4711.2,4712.6,4710.4,133,110487,20200918,28,13.776589566067132,-0.22341043393286775,13.553179132134265,135358.58688337202
793554,IF2009,20200821,11:25:00,4711.2,4713.4,4714.8,4710.6,279,110475,20200918,28,28.89976307468218,40.899763074682184,69.79952614936437,135428.3864095214
793555,IF2009,20200821,11:26:00,4713.4,4714.8,4715.2,4712.4,276,110518,20200918,28,28.5890129340942,-14.4109870659058,14.1780258681884,135442.5644353896
793556,IF2009,20200821,11:27:00,4714.6,4714.8,4716.4,4713.8,233,110541,20200918,28,24.134927585666478,1.1349275856664782,25.269855171332956,135467.83429056092
793557,IF2009,20200821,11:28:00,4714.8,4713.8,4715.2,4713.0,215,110551,20200918,28,22.270426742138596,12.270426742138596,34.54085348427719,135502.3751440452
793558,IF2009,20200821,11:29:00,4713.2,4712.8,4714.6,4711.0,205,110582,20200918,28,21.23459294017866,-9.765407059821339,11.469185880357323,135513.84432992555
793559,IF2009,20200821,11:30:00,4713.4,4709.8,4713.4,4709.8,270,110572,20200918,28,27.967512652918238,37.96751265291824,65.93502530583648,135579.77935523138
793560,IF2009,20200821,13:01:00,4708.6,4704.4,4708.6,4702.4,497,110628,20200918,28,51.48093995740876,-4.519060042591242,46.961879914817516,135626.7412351462
793561,IF2009,20200821,13:02:00,4704.0,4705.2,4706.2,4703.2,294,110728,20200918,28,30.45351377762208,-69.54648622237792,-39.092972444755844,135587.64826270146
793562,IF2009,20200821,13:03:00,4705.4,4702.4,4705.6,4701.0,393,110749,20200918,28,40.70826841702544,19.708268417025437,60.41653683405087,135648.06479953552
793563,IF2009,20200821,13:04:00,4702.6,4705.0,4706.2,4701.2,272,110744,20200918,28,28.174679413310226,33.17467941331023,61.34935882662046,135709.41415836214
793564,IF2009,20200821,13:05:00,4704.4,4706.4,4707.8,4703.4,180,110791,20200918,28,18.645008435278825,-28.354991564721175,-9.70998312944235,135699.7041752327
793565,IF2009,20200821,13:06:00,4706.6,4710.0,4712.6,4706.6,280,110847,20200918,28,29.00334645487817,-26.99665354512183,2.006692909756339,135701.71086814246
793566,IF2009,20200821,13:07:00,4709.8,4709.4,4710.4,4706.4,228,110895,20200918,28,23.617010684686512,-24.382989315313488,-0.7659786306269751,135700.94488951183
793567,IF2009,20200821,13:08:00,4709.0,4704.6,4710.2,4703.4,315,110938,20200918,28,32.62876476173795,-10.371235238262052,22.257529523475895,135723.2024190353
793568,IF2009,20200821,13:09:00,4704.6,4704.0,4706.0,4702.2,271,110942,20200918,28,28.07109603311423,24.07109603311423,52.14219206622846,135775.34461110155
793569,IF2009,20200821,13:10:00,4704.0,4704.2,4705.6,4703.0,155,110972,20200918,28,16.05542393037899,-13.94457606962101,2.1108478607579784,135777.4554589623
793570,IF2009,20200821,13:11:00,4704.0,4703.8,4708.2,4703.6,244,111005,20200918,28,25.274344767822406,-7.725655232177594,17.54868953564481,135795.00414849794
793571,IF2009,20200821,13:12:00,4703.2,4703.8,4706.4,4702.6,275,110994,20200918,28,28.485429553898204,39.4854295538982,67.9708591077964,135862.97500760574
793572,IF2009,20200821,13:13:00,4703.8,4701.4,4704.0,4700.6,360,111004,20200918,28,37.29001687055765,27.29001687055765,64.5800337411153,135927.55504134684
793573,IF2009,20200821,13:14:00,4701.6,4703.0,4703.6,4701.2,152,111027,20200918,28,15.744673789791008,-7.255326210208992,8.489347579582017,135936.0443889264
793574,IF2009,20200821,13:15:00,4703.0,4701.0,4703.6,4701.0,217,111025,20200918,28,22.477593502530585,24.477593502530585,46.95518700506117,135982.99957593146
793575,IF2009,20200821,13:16:00,4701.0,4701.6,4703.2,4700.6,182,111022,20200918,28,18.852175195670814,21.852175195670814,40.70435039134163,136023.7039263228
793576,IF2009,20200821,13:17:00,4701.6,4700.2,4702.4,4698.8,411,111109,20200918,28,42.572769260553315,-44.427230739446685,-1.85446147889337,136021.84946484392
793577,IF2009,20200821,13:18:00,4700.4,4701.2,4702.6,4699.6,203,111097,20200918,28,21.027426179786673,33.02742617978667,54.054852359573346,136075.9043172035
793578,IF2009,20200821,13:19:00,4701.2,4703.0,4703.6,4701.2,221,111150,20200918,28,22.891927023314555,-30.108072976685445,-7.216145953370891,136068.68817125013
793579,IF2009,20200821,13:20:00,4702.6,4701.8,4703.0,4701.2,137,111153,20200918,28,14.190923086851107,11.190923086851107,25.381846173702215,136094.07001742383
793580,IF2009,20200821,13:21:00,4701.8,4699.6,4702.6,4699.0,303,111235,20200918,28,31.38576419938602,-50.61423580061398,-19.228471601227962,136074.8415458226
793581,IF2009,20200821,13:22:00,4699.4,4697.0,4700.0,4696.2,380,111279,20200918,28,39.36168447447752,-4.638315525522479,34.72336894895504,136109.56491477156
793582,IF2009,20200821,13:23:00,4697.6,4699.4,4699.6,4696.4,281,111314,20200918,28,29.106929835074165,-5.893070164925835,23.21385967014833,136132.77877444171
793583,IF2009,20200821,13:24:00,4699.2,4701.2,4702.8,4698.4,316,111399,20200918,28,32.73234814193394,-52.26765185806606,-19.53530371613212,136113.24347072557
793584,IF2009,20200821,13:25:00,4701.0,4699.0,4701.4,4699.0,136,111455,20200918,28,14.087339706655113,-41.912660293344885,-27.82532058668977,136085.4181501389
793585,IF2009,20200821,13:26:00,4699.0,4697.2,4699.6,4697.2,176,111496,20200918,28,18.230674914494852,-22.769325085505148,-4.538650171010296,136080.87949996788
793586,IF2009,20200821,13:27:00,4697.4,4695.8,4697.8,4695.2,344,111525,20200918,28,35.63268278742176,6.632682787421757,42.265365574843514,136123.1448655427
793587,IF2009,20200821,13:28:00,4695.4,4694.6,4696.8,4694.0,336,111596,20200918,28,34.8040157458538,-36.1959842541462,-1.3919685082923934,136121.75289703443
793588,IF2009,20200821,13:29:00,4694.6,4695.4,4695.6,4693.0,336,111655,20200918,28,34.8040157458538,-24.195984254146197,10.608031491707607,136132.36092852615
793589,IF2009,20200821,13:30:00,4695.4,4696.4,4697.8,4695.0,393,111764,20200918,28,40.70826841702544,-68.29173158297456,-27.583463165949127,136104.7774653602
793590,IF2009,20200821,13:31:00,4696.0,4695.0,4696.6,4693.8,352,111861,20200918,28,36.461349828989704,-60.538650171010296,-24.077300342020592,136080.70016501818
793591,IF2009,20200821,13:32:00,4694.8,4693.2,4695.6,4692.2,340,111969,20200918,28,35.21834926663778,-72.78165073336223,-37.56330146672445,136043.13686355145
793592,IF2009,20200821,13:33:00,4694.0,4694.2,4695.4,4692.2,313,112049,20200918,28,32.421598001345956,-47.578401998654044,-15.156803997308089,136027.98005955413
793593,IF2009,20200821,13:34:00,4694.0,4696.0,4697.0,4692.4,326,112158,20200918,28,33.76818194389387,-75.23181805610614,-41.463636112212264,135986.5164234419
793594,IF2009,20200821,13:35:00,4696.0,4697.4,4698.0,4694.0,243,112308,20200918,28,25.170761387626413,-124.82923861237359,-99.65847722474717,135886.85794621715
793595,IF2009,20200821,13:36:00,4697.4,4697.6,4698.4,4695.2,269,112446,20200918,28,27.863929272722242,-110.13607072727775,-82.27214145455551,135804.58580476258
793596,IF2009,20200821,13:37:00,4696.8,4696.6,4697.4,4696.2,164,112496,20200918,28,16.987674352142932,-33.01232564785707,-16.024651295714136,135788.56115346687
793597,IF2009,20200821,13:38:00,4696.4,4693.2,4696.8,4691.0,428,112629,20200918,28,44.33368672388521,-88.66631327611479,-44.332626552229584,135744.22852691464
793598,IF2009,20200821,13:39:00,4693.2,4692.2,4693.6,4691.6,195,112702,20200918,28,20.198759138218726,-52.801240861781274,-32.60248172356255,135711.62604519108
793599,IF2009,20200821,13:40:00,4692.0,4691.8,4693.4,4691.6,175,112775,20200918,28,18.12709153429886,-54.872908465701144,-36.74581693140229,135674.8802282597
793600,IF2009,20200821,13:41:00,4691.8,4691.6,4693.0,4687.0,744,113063,20200918,28,77.06603486581913,-210.93396513418088,-133.86793026836176,135541.0122979913
793601,IF2009,20200821,13:42:00,4691.8,4692.4,4693.4,4690.0,305,113196,20200918,28,31.59293095977801,-101.40706904022198,-69.81413808044397,135471.19815991088
793602,IF2009,20200821,13:43:00,4692.4,4689.8,4692.8,4689.2,328,113301,20200918,28,33.975348704285864,-71.02465129571414,-37.04930259142827,135434.14885731947
793603,IF2009,20200821,13:44:00,4690.6,4691.8,4693.2,4689.4,238,113395,20200918,28,24.652844486646448,-69.34715551335356,-44.69431102670711,135389.45454629275
793604,IF2009,20200821,13:45:00,4691.8,4689.6,4692.0,4689.4,160,113468,20200918,28,16.573340831358955,-56.426659168641045,-39.85331833728209,135349.60122795546
793605,IF2009,20200821,13:46:00,4689.4,4688.8,4691.4,4688.8,228,113557,20200918,28,23.617010684686512,-65.3829893153135,-41.76597863062698,135307.83524932482
793606,IF2009,20200821,13:47:00,4689.0,4689.0,4690.2,4687.8,251,113669,20200918,28,25.999428429194364,-86.00057157080563,-60.001143141611266,135247.8341061832
793607,IF2009,20200821,13:48:00,4688.2,4690.0,4691.4,4687.8,204,113742,20200918,28,21.13100955998267,-51.86899044001733,-30.73798088003466,135217.09612530316
793608,IF2009,20200821,13:49:00,4689.6,4693.8,4693.8,4689.4,321,113880,20200918,28,33.2502650429139,-104.7497349570861,-71.49946991417221,135145.59665538897
793609,IF2009,20200821,13:50:00,4693.6,4693.6,4693.6,4691.4,263,114033,20200918,28,27.242428991546287,-125.75757100845371,-98.51514201690742,135047.08151337208
793610,IF2009,20200821,13:51:00,4693.6,4693.0,4694.0,4692.4,262,114091,20200918,28,27.13884561135029,-30.86115438864971,-3.7223087772994177,135043.35920459477
793611,IF2009,20200821,13:52:00,4693.4,4692.2,4693.6,4691.0,162,114167,20200918,28,16.780507591750943,-59.21949240824905,-42.438984816498106,135000.9202197783
793612,IF2009,20200821,13:53:00,4692.2,4692.4,4693.4,4691.6,161,114224,20200918,28,16.67692421155495,-40.32307578844505,-23.6461515768901,134977.2740682014
793613,IF2009,20200821,13:54:00,4692.0,4691.8,4692.8,4691.2,136,114269,20200918,28,14.087339706655113,-30.912660293344885,-16.82532058668977,134960.44874761472
793614,IF2009,20200821,13:55:00,4691.4,4689.4,4691.4,4687.2,311,114361,20200918,28,32.21443124095397,-59.78556875904603,-27.57113751809206,134932.87761009662
793615,IF2009,20200821,13:56:00,4689.6,4690.2,4690.8,4688.8,126,114382,20200918,28,13.051505904695178,-7.948494095304822,5.103011809390356,134937.980621906
793616,IF2009,20200821,13:57:00,4690.2,4689.4,4691.4,4689.4,141,114439,20200918,28,14.605256607635079,-42.39474339236492,-27.789486784729846,134910.19113512128
793617,IF2009,20200821,13:58:00,4689.4,4692.6,4692.6,4688.8,324,114643,20200918,28,33.56101518350189,-170.4389848164981,-136.8779696329962,134773.31316548827
793618,IF2009,20200821,13:59:00,4691.6,4692.4,4692.6,4689.8,217,114760,20200918,28,22.477593502530585,-94.52240649746942,-72.04481299493884,134701.26835249332
793619,IF2009,20200821,14:00:00,4692.6,4693.4,4694.0,4690.2,220,114832,20200918,28,22.788343643118562,-49.211656356881434,-26.423312713762872,134674.84503977955
793620,IF2009,20200821,14:01:00,4693.4,4698.8,4699.4,4692.2,593,115084,20200918,28,61.42494445622413,-190.57505554377587,-129.15011108755175,134545.694928692
793621,IF2009,20200821,14:02:00,4698.0,4694.2,4698.2,4693.4,416,115254,20200918,28,43.090686161533284,-126.90931383846672,-83.81862767693343,134461.8763010151
793622,IF2009,20200821,14:03:00,4694.0,4686.0,4694.0,4683.2,1012,115637,20200918,28,104.8263807583454,-278.1736192416546,-173.34723848330918,134288.52906253177
793623,IF2009,20200821,14:04:00,4686.0,4682.2,4686.0,4680.8,628,115895,20200918,28,65.0503627630839,-192.9496372369161,-127.8992744738322,134160.62978805794
793624,IF2009,20200821,14:05:00,4682.4,4682.0,4685.0,4681.8,416,116072,20200918,28,43.090686161533284,-133.90931383846672,-90.81862767693343,134069.811160381
793625,IF2009,20200821,14:06:00,4682.0,4682.8,4684.2,4681.2,275,116190,20200918,28,28.485429553898204,-89.5145704461018,-61.0291408922036,134008.7820194888
793626,IF2009,20200821,14:07:00,4683.0,4680.2,4683.0,4680.2,430,116317,20200918,28,44.54085348427719,-82.45914651572281,-37.918293031445614,133970.86372645735
793627,IF2009,20200821,14:08:00,4680.0,4677.8,4680.0,4673.4,1118,116666,20200918,28,115.8062190591207,-233.1937809408793,-117.38756188175859,133853.47616457558
793628,IF2009,20200821,14:09:00,4677.2,4678.4,4678.4,4676.4,357,116843,20200918,28,36.979266729969666,-140.02073327003035,-103.04146654006068,133750.4346980355
793629,IF2009,20200821,14:10:00,4678.6,4675.8,4678.8,4672.2,602,116990,20200918,28,62.35719487798808,-84.64280512201192,-22.285610244023843,133728.14908779148
793630,IF2009,20200821,14:11:00,4674.6,4679.2,4681.2,4674.6,565,117182,20200918,28,58.52460981073631,-133.4753901892637,-74.95078037852738,133653.19830741294
793631,IF2009,20200821,14:12:00,4679.6,4674.8,4679.6,4674.0,302,117262,20200918,28,31.282180819190028,-48.71781918080997,-17.43563836161994,133635.76266905133
793632,IF2009,20200821,14:13:00,4674.8,4670.6,4676.2,4668.0,773,117441,20200918,28,80.06995289150295,-98.93004710849705,-18.8600942169941,133616.90257483433
793633,IF2009,20200821,14:14:00,4670.4,4669.0,4673.2,4669.0,530,117615,20200918,28,54.89919150387654,-119.10080849612346,-64.20161699224693,133552.70095784208
793634,IF2009,20200821,14:15:00,4669.0,4671.8,4673.2,4668.6,271,117709,20200918,28,28.07109603311423,-65.92890396688577,-37.85780793377154,133514.84314990832
793635,IF2009,20200821,14:16:00,4671.2,4669.0,4671.6,4666.8,577,117874,20200918,28,59.76761037308823,-105.23238962691177,-45.46477925382354,133469.3783706545
793636,IF2009,20200821,14:17:00,4668.8,4669.0,4671.4,4667.8,387,117976,20200918,28,40.086768135849475,-61.913231864150525,-21.82646372830105,133447.5519069262
793637,IF2009,20200821,14:18:00,4669.2,4671.4,4672.6,4669.0,287,118067,20200918,28,29.728430116250127,-61.271569883749876,-31.54313976749975,133416.0087671587
793638,IF2009,20200821,14:19:00,4670.8,4671.6,4673.8,4670.2,250,118168,20200918,28,25.895845048998368,-75.10415495100163,-49.208309902003265,133366.8004572567
793639,IF2009,20200821,14:20:00,4672.4,4672.8,4673.0,4671.0,170,118228,20200918,28,17.60917463331889,-42.39082536668111,-24.781650733362223,133342.01880652335
793640,IF2009,20200821,14:21:00,4673.0,4673.0,4673.8,4671.4,329,118238,20200918,28,34.07893208448185,24.07893208448185,58.1578641689637,133400.1766706923
793641,IF2009,20200821,14:22:00,4673.0,4671.8,4674.8,4670.2,294,118366,20200918,28,30.45351377762208,-97.54648622237792,-67.09297244475584,133333.08369824756
793642,IF2009,20200821,14:23:00,4672.2,4671.0,4673.4,4670.8,186,118464,20200918,28,19.266508716454783,-78.73349128354522,-59.46698256709044,133273.61671568046
793643,IF2009,20200821,14:24:00,4671.0,4670.8,4672.2,4670.4,105,118490,20200918,28,10.876254920579315,-15.123745079420685,-4.247490158841369,133269.36922552163
793644,IF2009,20200821,14:25:00,4670.8,4664.0,4670.8,4663.2,827,118707,20200918,28,85.6634554220866,-131.3365445779134,-45.6730891558268,133223.6961363658
793645,IF2009,20200821,14:26:00,4664.0,4662.0,4667.4,4661.6,624,118849,20200918,28,64.63602924229993,-77.36397075770007,-12.727941515400147,133210.9681948504
793646,IF2009,20200821,14:27:00,4661.4,4664.2,4665.0,4661.2,520,119019,20200918,28,53.863357701916605,-116.13664229808339,-62.27328459616678,133148.69491025424
793647,IF2009,20200821,14:28:00,4663.6,4664.2,4666.0,4662.8,359,119172,20200918,28,37.18643349036166,-115.81356650963835,-78.6271330192767,133070.06777723497
793648,IF2009,20200821,14:29:00,4664.2,4659.0,4664.2,4658.0,637,119482,20200918,28,65.98261318484785,-244.01738681515215,-178.0347736303043,132892.03300360468
793649,IF2009,20200821,14:30:00,4659.4,4652.2,4659.4,4652.0,970,119847,20200918,28,100.47587879011367,-264.52412120988635,-164.0482424197727,132727.9847611849
793650,IF2009,20200821,14:31:00,4652.0,4657.6,4657.6,4650.6,854,120129,20200918,28,88.46020668737842,-193.53979331262158,-105.07958662524317,132622.90517455965
793651,IF2009,20200821,14:32:00,4657.4,4661.0,4661.0,4656.0,466,120315,20200918,28,48.269855171332956,-137.73014482866705,-89.4602896573341,132533.44488490233
793652,IF2009,20200821,14:33:00,4661.2,4661.8,4662.0,4658.0,410,120463,20200918,28,42.46918588035732,-105.53081411964268,-63.06162823928536,132470.38325666304
793653,IF2009,20200821,14:34:00,4661.4,4663.6,4665.0,4661.4,486,120725,20200918,28,50.34152277525283,-211.65847722474717,-161.31695444949435,132309.06630221356
793654,IF2009,20200821,14:35:00,4663.4,4664.6,4664.8,4662.8,313,120931,20200918,28,32.421598001345956,-173.57840199865404,-141.1568039973081,132167.90949821624
793655,IF2009,20200821,14:36:00,4664.6,4668.8,4668.8,4664.6,598,121245,20200918,28,61.942861357204094,-252.0571386427959,-190.1142772855918,131977.79522093065
793656,IF2009,20200821,14:37:00,4668.8,4674.2,4675.0,4668.8,825,121702,20200918,28,85.45628866169461,-371.5437113383054,-286.0874226766108,131691.70779825404
793657,IF2009,20200821,14:38:00,4673.6,4674.0,4674.0,4672.0,324,121881,20200918,28,33.56101518350189,-145.4389848164981,-111.87796963299621,131579.82982862103
793658,IF2009,20200821,14:39:00,4673.4,4677.6,4679.6,4673.4,808,122253,20200918,28,83.69537119836274,-288.30462880163725,-204.6092576032745,131375.22057101777
793659,IF2009,20200821,14:40:00,4677.8,4676.8,4677.8,4675.0,335,122377,20200918,28,34.70043236565781,-89.2995676343422,-54.599135268684385,131320.62143574908
793660,IF2009,20200821,14:41:00,4677.2,4673.6,4678.0,4673.6,366,122525,20200918,28,37.91151715173361,-110.08848284826638,-72.17696569653276,131248.44447005255
793661,IF2009,20200821,14:42:00,4673.8,4674.2,4674.8,4672.4,213,122625,20200918,28,22.06325998174661,-77.93674001825339,-55.87348003650678,131192.57099001604
793662,IF2009,20200821,14:43:00,4674.6,4681.4,4681.8,4674.6,970,123159,20200918,28,100.47587879011367,-433.52412120988635,-333.0482424197727,130859.52274759627
793663,IF2009,20200821,14:44:00,4681.6,4680.8,4683.0,4680.2,484,123430,20200918,28,50.134356014860835,-220.86564398513917,-170.73128797027834,130688.791459626
793664,IF2009,20200821,14:45:00,4680.6,4684.0,4684.4,4680.2,436,123622,20200918,28,45.162353765453155,-146.83764623454684,-101.67529246909368,130587.1161671569
793665,IF2009,20200821,14:46:00,4684.0,4681.8,4684.8,4679.6,445,123884,20200918,28,46.094604187217094,-215.9053958127829,-169.8107916255658,130417.30537553133
793666,IF2009,20200821,14:47:00,4681.6,4681.6,4681.8,4680.2,302,124040,20200918,28,31.282180819190028,-124.71781918080997,-93.43563836161994,130323.8697371697
793667,IF2009,20200821,14:48:00,4681.4,4678.0,4681.4,4677.2,522,124282,20200918,28,54.07052446230859,-187.92947553769142,-133.85895107538283,130190.01078609432
793668,IF2009,20200821,14:49:00,4678.4,4680.2,4680.2,4676.2,430,124483,20200918,28,44.54085348427719,-156.4591465157228,-111.91829303144561,130078.09249306288
793669,IF2009,20200821,14:50:00,4680.4,4685.0,4685.0,4679.6,519,124751,20200918,28,53.75977432172061,-214.2402256782794,-160.48045135655877,129917.61204170632
793670,IF2009,20200821,14:51:00,4685.0,4688.4,4688.8,4683.2,818,125126,20200918,28,84.73120500032266,-290.2687949996773,-205.53758999935465,129712.07445170697
793671,IF2009,20200821,14:52:00,4688.4,4688.6,4688.8,4687.0,513,125376,20200918,28,53.13827404054465,-196.86172595945536,-143.7234519189107,129568.35099978806
793672,IF2009,20200821,14:53:00,4688.6,4687.6,4689.8,4687.6,525,125651,20200918,28,54.381274602896575,-220.61872539710342,-166.23745079420684,129402.11354899386
793673,IF2009,20200821,14:54:00,4688.0,4688.6,4688.6,4685.2,422,125856,20200918,28,43.712186442709246,-161.28781355729075,-117.5756271145815,129284.53792187928
793674,IF2009,20200821,14:55:00,4688.8,4690.6,4693.0,4687.0,893,126183,20200918,28,92.49995851502217,-234.50004148497783,-142.00008296995566,129142.53783890932
793675,IF2009,20200821,14:56:00,4690.4,4691.4,4693.0,4688.8,582,126526,20200918,28,60.2855272740682,-282.7144727259318,-222.42894545186357,128920.10889345747
793676,IF2009,20200821,14:57:00,4692.2,4689.6,4692.6,4689.4,539,126804,20200918,28,55.83144192564048,-222.1685580743595,-166.33711614871902,128753.77177730875
793677,IF2009,20200821,14:58:00,4689.6,4690.8,4691.0,4686.0,639,127152,20200918,28,66.18977994523983,-281.8102200547602,-215.62044010952036,128538.15133719923
793678,IF2009,20200821,14:59:00,4691.4,4693.0,4695.0,4690.8,719,127518,20200918,28,74.4764503609193,-291.52354963908067,-217.04709927816137,128321.10423792107
793679,IF2009,20200821,15:00:00,4693.0,4693.0,4695.0,4691.6,1018,128025,20200918,28,105.44788103952136,-401.55211896047865,-296.1042379209573,128025.00000000012
